Kong__insomnia-7734	Kong/insomnia	NA	2024-07-18	2022-11-23	602	5b2707cb7	packages/insomnia-importers/src/importers/openapi-3.ts -> packages/insomnia/src/utils/importers/importers/openapi-3.ts
anuraghazra__github-readme-stats-1314	anuraghazra/github-readme-stats	NA	2021-09-15	2020-08-02	409	67b434d	src/renderRepoCard.js -> src/cards/repo-card.js
anuraghazra__github-readme-stats-1378	anuraghazra/github-readme-stats	NA	2021-10-10	2020-08-02	434	67b434d	src/renderRepoCard.js -> src/cards/repo-card.js
anuraghazra__github-readme-stats-721	anuraghazra/github-readme-stats	NA	2020-12-10	2020-08-02	130	67b434d	src/renderStatsCard.js -> src/cards/stats-card.js
axios__axios-5919	axios/axios	NA	2023-09-25	2022-03-07	566	170588f3	lib/defaults.js -> lib/defaults/index.js
iamkun__dayjs-337	iamkun/dayjs	NA	2019-01-10	2018-05-02	253	c7e03c3	ReadMe.md -> README.md
iamkun__dayjs-556	iamkun/dayjs	NA	2019-04-02	2018-05-25	312	43b4aa6	src/plugin/advancedFormat.js -> src/plugin/advancedFormat/index.js
mui__material-ui-23487	mui/material-ui	NA	2020-11-27	2020-10-01	57	4d50a9ed6a	packages/material-ui-lab/src/useAutocomplete/useAutocomplete.js -> packages/material-ui/src/useAutocomplete/useAutocomplete.js
mui__material-ui-23884	mui/material-ui	NA	2020-12-07	2020-10-01	67	4d50a9ed6a	packages/material-ui-lab/src/useAutocomplete/useAutocomplete.js -> packages/material-ui/src/useAutocomplete/useAutocomplete.js
mui__material-ui-24205	mui/material-ui	NA	2020-12-31	2020-08-09	144	0b069d97fd	packages/pickers/lib/src/DateRangePicker/DateRangePickerViewMobile.tsx -> packages/material-ui-lab/src/DateRangePicker/DateRangePickerViewMobile.tsx
mui__material-ui-24213	mui/material-ui	NA	2020-12-31	2020-10-01	91	4d50a9ed6a	packages/material-ui-lab/src/useAutocomplete/useAutocomplete.js -> packages/material-ui/src/useAutocomplete/useAutocomplete.js
mui__material-ui-31313	mui/material-ui	NA	2022-07-14	2021-11-09	246	21dba852b1	packages/mui-core/src/AutocompleteUnstyled/useAutocomplete.js -> packages/mui-base/src/AutocompleteUnstyled/useAutocomplete.js
mui__material-ui-32182	mui/material-ui	NA	2022-04-07	2021-09-06	213	49b3469442	packages/material-ui/src/Link/Link.js -> packages/mui-material/src/Link/Link.js
mui__material-ui-32713	mui/material-ui	NA	2022-05-18	2021-09-06	254	49b3469442	packages/material-ui/src/styles/createMixins.js -> packages/mui-material/src/styles/createMixins.js
mui__material-ui-33777	mui/material-ui	NA	2022-08-04	2022-02-04	180	27f1c282cf	docs/src/pages/customization/density/DensityTool.js -> docs/data/material/customization/density/DensityTool.js
mui__material-ui-33801	mui/material-ui	NA	2022-09-05	2022-02-28	188	a82d7fb048	docs/pages/material/api/chip.json -> docs/pages/material-ui/api/chip.json
mui__material-ui-33820	mui/material-ui	NA	2022-11-26	2022-02-28	271	a82d7fb048	docs/pages/material/api/icon-button.json -> docs/pages/material-ui/api/icon-button.json
mui__material-ui-33873	mui/material-ui	NA	2022-08-09	2022-05-12	89	b33d38f58f	packages/mui-base/src/InputUnstyled/InputUnstyledProps.ts -> packages/mui-base/src/InputUnstyled/InputUnstyled.types.ts
mui__material-ui-35178	mui/material-ui	NA	2022-12-01	2021-09-06	451	49b3469442	packages/material-ui-system/src/colorManipulator.d.ts -> packages/mui-system/src/colorManipulator.d.ts
mui__material-ui-35410	mui/material-ui	NA	2022-12-09	2021-11-09	395	21dba852b1	packages/mui-core/src/ButtonUnstyled/useButton.ts -> packages/mui-base/src/ButtonUnstyled/useButton.ts
mui__material-ui-36056	mui/material-ui	NA	2023-02-04	2022-02-04	365	27f1c282cf	docs/src/pages/components/use-media-query/use-media-query.md -> docs/data/material/components/use-media-query/use-media-query.md
mui__material-ui-36116	mui/material-ui	NA	2023-02-09	2021-11-09	457	21dba852b1	packages/mui-core/src/AutocompleteUnstyled/useAutocomplete.js -> packages/mui-base/src/AutocompleteUnstyled/useAutocomplete.js
mui__material-ui-36659	mui/material-ui	NA	2023-03-27	2023-02-21	33	cba0019bf8	packages/mui-base/src/AutocompleteUnstyled/useAutocomplete.js -> packages/mui-base/src/useAutocomplete/useAutocomplete.js
mui__material-ui-37070	mui/material-ui	NA	2023-04-28	2022-07-12	290	d1d1654deb	packages/mui-system/src/Grid/createGrid.tsx -> packages/mui-system/src/Unstable_Grid/createGrid.tsx
mui__material-ui-37141	mui/material-ui	NA	2023-05-02	2023-02-21	69	cba0019bf8	packages/mui-base/src/SelectUnstyled/useSelect.ts -> packages/mui-base/src/useSelect/useSelect.ts
mui__material-ui-38788	mui/material-ui	NA	2023-10-19	2023-02-21	239	cba0019bf8	packages/mui-base/src/AutocompleteUnstyled/useAutocomplete.js -> packages/mui-base/src/useAutocomplete/useAutocomplete.js
mui__material-ui-39196	mui/material-ui	NA	2023-09-27	2022-02-04	599	27f1c282cf	docs/src/pages/system/spacing/spacing.md -> docs/data/system/spacing/spacing.md
sveltejs__svelte-11251	sveltejs/svelte	NA	2024-04-19	2024-03-12	38	eb40417c3	packages/svelte/src/internal/client/transitions.js -> packages/svelte/src/internal/client/dom/elements/transitions.js
sveltejs__svelte-12098	sveltejs/svelte	NA	2024-06-19	2024-02-19	120	41e7dab75	packages/svelte/src/internal/client/each.js -> packages/svelte/src/internal/client/dom/blocks/each.js
sveltejs__svelte-12376	sveltejs/svelte	NA	2024-07-09	2024-03-04	126	aa29a853d	packages/svelte/src/internal/client/reactivity/computations.js -> packages/svelte/src/internal/client/reactivity/effects.js
sveltejs__svelte-12460	sveltejs/svelte	NA	2024-07-16	2024-03-12	126	eb40417c3	packages/svelte/src/internal/client/transitions.js -> packages/svelte/src/internal/client/dom/elements/transitions.js
sveltejs__svelte-12474	sveltejs/svelte	NA	2024-07-17	2024-04-25	83	8e1742831	packages/svelte/messages/compile-errors/css.md -> packages/svelte/messages/compile-errors/style.md
sveltejs__svelte-13008	sveltejs/svelte	NA	2024-08-24	2024-01-23	213	40c295638	packages/svelte/src/internal/client/proxy/proxy.js -> packages/svelte/src/internal/client/proxy.js
sveltejs__svelte-13026	sveltejs/svelte	NA	2024-08-25	2024-01-23	214	40c295638	packages/svelte/src/internal/client/proxy/proxy.js -> packages/svelte/src/internal/client/proxy.js
sveltejs__svelte-13097	sveltejs/svelte	NA	2024-08-30	2023-11-10	293	fe8a9ce31	packages/svelte/src/compiler/parse/state/tag.js -> packages/svelte/src/compiler/phases/1-parse/state/element.js
sveltejs__svelte-13175	sveltejs/svelte	NA	2024-09-06	2024-01-23	226	40c295638	packages/svelte/src/internal/client/proxy/proxy.js -> packages/svelte/src/internal/client/proxy.js
sveltejs__svelte-13198	sveltejs/svelte	NA	2024-09-10	2023-11-10	304	fe8a9ce31	packages/svelte/src/compiler/parse/state/tag.js -> packages/svelte/src/compiler/phases/1-parse/state/element.js
sveltejs__svelte-13411	sveltejs/svelte	NA	2024-09-26	2024-07-30	58	71c373d0a	packages/svelte/src/compiler/phases/2-analyze/a11y.js -> packages/svelte/src/compiler/phases/2-analyze/visitors/shared/a11y.js
sveltejs__svelte-13750	sveltejs/svelte	NA	2024-10-21	2024-02-15	248	cec3540ac	packages/svelte/src/compiler/css/Selector.js -> packages/svelte/src/compiler/phases/2-analyze/css/css-prune.js
sveltejs__svelte-13774	sveltejs/svelte	NA	2024-10-22	2024-03-04	231	aa29a853d	packages/svelte/src/internal/client/reactivity/computations.js -> packages/svelte/src/internal/client/reactivity/effects.js
sveltejs__svelte-14153	sveltejs/svelte	NA	2024-11-05	2024-02-01	278	bce4f3f01	packages/svelte/src/compiler/phases/3-transform/typescript.js -> packages/svelte/src/compiler/phases/1-parse/remove_typescript_nodes.js
sveltejs__svelte-14276	sveltejs/svelte	NA	2024-11-12	2024-02-15	271	cec3540ac	packages/svelte/src/compiler/css/utils.js -> packages/svelte/src/compiler/phases/2-analyze/css/utils.js
sveltejs__svelte-14349	sveltejs/svelte	NA	2024-11-18	2024-03-12	251	eb40417c3	packages/svelte/src/internal/client/dom/bindings/input.js -> packages/svelte/src/internal/client/dom/elements/bindings/input.js
sveltejs__svelte-14494	sveltejs/svelte	NA	2024-12-01	2024-02-15	290	cec3540ac	packages/svelte/src/compiler/css/Selector.js -> packages/svelte/src/compiler/phases/2-analyze/css/css-prune.js
sveltejs__svelte-15020	sveltejs/svelte	NA	2025-01-14	2023-11-10	431	fe8a9ce31	packages/svelte/src/compiler/parse/read/expression.js -> packages/svelte/src/compiler/phases/1-parse/read/expression.js
sveltejs__svelte-15083	sveltejs/svelte	NA	2025-01-21	2024-07-11	194	4e8d1c8c5	packages/svelte/src/compiler/phases/2-analyze/utils.js -> packages/svelte/src/utils.js
sveltejs__svelte-9328	sveltejs/svelte	NA	2023-10-06	2023-05-28	131	bd51e6f3e	src/compiler/compile/render_dom/wrappers/Element/Attribute.js -> packages/svelte/src/compiler/compile/render_dom/wrappers/Element/Attribute.js
vuejs__core-10522	vuejs/core	NA	2024-03-21	2023-04-05	351	b2c874e3b	packages/compiler-sfc/src/stylePluginScoped.ts -> packages/compiler-sfc/src/style/pluginScoped.ts
vuejs__core-11854	vuejs/core	NA	2024-09-07	2023-04-05	521	b2c874e3b	packages/compiler-sfc/src/stylePluginScoped.ts -> packages/compiler-sfc/src/style/pluginScoped.ts
vuejs__core-11899	vuejs/core	NA	2024-09-10	2023-04-05	524	b2c874e3b	packages/compiler-sfc/src/stylePluginScoped.ts -> packages/compiler-sfc/src/style/pluginScoped.ts
