darkreader__darkreader-7241	ts	darkreader/darkreader	NA	991883df4d5910851130e3dc0e21fcbce604ea7d	1	src/generators/utils/parse.ts
darkreader__darkreader-6747	ts	darkreader/darkreader	NA	a787eb511f45159c8869d30e5a6ba1f91cb67709	2	src/generators/dynamic-theme.ts;src/generators/utils/parse.ts
mui__material-ui-39962	ts	mui/material-ui	NA	553cf822f6500075d374f3e89ad04b8308cd9f47	2	packages/mui-system/src/borders.js;packages/mui-system/src/styleFunctionSx/defaultSxConfig.js
mui__material-ui-39775	ts	mui/material-ui	NA	6b9cee5d523304e0a8f3c8fd93a380d27be1df76	1	packages/mui-material/src/Rating/Rating.js
mui__material-ui-39465	ts	mui/material-ui	NA	c13dfc7dcf892358430a6bd520c7ea04049ce1ca	1	packages/mui-system/src/style.js
mui__material-ui-39457	ts	mui/material-ui	NA	cfdaf61447bededf654bb1fd76332c8dea8784e3	1	packages/mui-system/src/style.js
mui__material-ui-39196	ts	mui/material-ui	NA	75404f9ff09965be1bd7c9ed27154fd7536edde1	2	docs/data/system/spacing/spacing.md;packages/mui-system/src/spacing.js
mui__material-ui-39108	ts	mui/material-ui	NA	375358b6f7d00342ad2a282c34950ebfb4b2cdc8	2	packages/mui-joy/src/Select/Select.tsx;packages/mui-joy/src/Select/SelectProps.ts
mui__material-ui-39071	ts	mui/material-ui	NA	ba4c5596cdbbdf07e78cb10ca7231db9968812db	1	packages/mui-system/src/style.js
mui__material-ui-38788	ts	mui/material-ui	NA	5047813ad0927fc040eca65d484ef4d6a8c8e9ec	1	packages/mui-base/src/useAutocomplete/useAutocomplete.js
mui__material-ui-38544	ts	mui/material-ui	NA	f22e9951931ecf68e8bce1c159d8e0384d92760c	2	packages/mui-material-next/src/Tabs/Tabs.js;packages/mui-material/src/Tabs/Tabs.js
mui__material-ui-38247	ts	mui/material-ui	NA	85c3c776918e43c8034d0fbdb1a35ded54c6b92d	1	docs/src/modules/sandbox/CreateReactApp.ts
mui__material-ui-38188	ts	mui/material-ui	NA	bca4565b43b4166f422aa4ba5d8399bb054bef66	1	packages/mui-base/src/useAutocomplete/useAutocomplete.js
mui__material-ui-37855	ts	mui/material-ui	NA	b00bdc767032fd008e5e3ec3133d6dc51264b1de	2	packages/mui-base/src/useSelect/useSelect.ts;packages/mui-base/src/useSelect/useSelect.types.ts
mui__material-ui-37692	ts	mui/material-ui	NA	1af04d2aa1dd2356a24c7f31d7a2f7a174ba3cbb	1	packages/mui-joy/src/ButtonGroup/ButtonGroup.tsx
mui__material-ui-37141	ts	mui/material-ui	NA	9710ff34b16a0f271107a8619a28546ae3ca7c18	1	packages/mui-base/src/useSelect/useSelect.ts
mui__material-ui-37108	ts	mui/material-ui	NA	22b7f0c0a0d3a87113a34a85c27ccb8053e02487	1	packages/mui-system/src/styleFunctionSx/styleFunctionSx.js
mui__material-ui-37070	ts	mui/material-ui	NA	fe90fe90b28bf357bec47eaf9641d6bc3a862bd1	2	packages/mui-system/src/Unstable_Grid/createGrid.tsx;packages/mui-system/src/Unstable_Grid/gridGenerator.ts
mui__material-ui-36853	ts	mui/material-ui	NA	44748d4c1f5272f00bb362af2869895ce8c28677	1	packages/mui-system/src/cssVars/prepareCssVars.ts
mui__material-ui-36839	ts	mui/material-ui	NA	511b38515faa7766405cec114ffeda3b2077a4fc	1	packages/mui-joy/src/Table/Table.tsx
mui__material-ui-36659	ts	mui/material-ui	NA	0ba283880545390fc6408e408dcde93ed5de178c	1	packages/mui-base/src/useAutocomplete/useAutocomplete.js
mui__material-ui-36403	ts	mui/material-ui	NA	04c0dd052dbb88b1eaf5ccb07c6f2ba57d63a662	3	packages/mui-styled-engine-sc/src/index.js;packages/mui-styled-engine/src/index.d.ts;packages/mui-styled-engine/src/index.js
mui__material-ui-36353	ts	mui/material-ui	NA	d57bd96cfcec023238c85488a3d399534518fd37	1	packages/mui-material/src/DialogTitle/DialogTitle.js
mui__material-ui-36116	ts	mui/material-ui	NA	f800c835562da9cc8fa3f7615b32a8e6cc8b31d8	1	packages/mui-base/src/AutocompleteUnstyled/useAutocomplete.js
mui__material-ui-36088	ts	mui/material-ui	NA	b1d2e8d375be4f2a238fe7bce81ad2bf5cb68ad1	1	packages/mui-base/src/AutocompleteUnstyled/useAutocomplete.js
mui__material-ui-36056	ts	mui/material-ui	NA	1dc2782ddd66e3642ffc2175015d0af6de494a52	3	docs/data/material/components/use-media-query/use-media-query.md;packages/mui-material/src/styles/props.d.ts;packages/mui-material/src/useMediaQuery/useMediaQuery.ts
mui__material-ui-35838	ts	mui/material-ui	NA	0198612f091c8d52310717106f234c81199d4d35	1	packages/mui-base/src/ListboxUnstyled/useListbox.ts
mui__material-ui-35804	ts	mui/material-ui	NA	0486f4b2952519d9a01c17dc45841523acdd7f92	1	packages/mui-material/src/styles/experimental_extendTheme.js
mui__material-ui-35477	ts	mui/material-ui	NA	e195455738a9de164d1f9766de96213b83dd6623	1	packages/mui-utils/src/resolveProps.ts
mui__material-ui-35410	ts	mui/material-ui	NA	1e4dd5f0837c84a4f1a55590857f989d6c3198fc	2	packages/mui-base/src/ButtonUnstyled/useButton.ts;packages/mui-base/src/ButtonUnstyled/useButton.types.ts
mui__material-ui-35364	ts	mui/material-ui	NA	9e140a77ebd8464e2b400b1d1d19fc63c387a864	1	packages/mui-utils/src/deepmerge.ts
mui__material-ui-35360	ts	mui/material-ui	NA	f4be7ab10be074bf02ababb23ce15ed386c98b78	1	packages/mui-utils/src/exactProp.ts
mui__material-ui-35178	ts	mui/material-ui	NA	1ea442da69a48694c3880e1302cfc10eb85e93eb	3	packages/mui-material/src/styles/experimental_extendTheme.js;packages/mui-system/src/colorManipulator.d.ts;packages/mui-system/src/colorManipulator.js
mui__material-ui-35086	ts	mui/material-ui	NA	b144a55f0ff8c2d45db00698fff2b0a077d2e619	1	packages/mui-material/src/SvgIcon/SvgIcon.js
mui__material-ui-35047	ts	mui/material-ui	NA	43408b10ef81ff885c3ad69bd1c9df21680960d4	1	packages/mui-material/src/Select/SelectInput.js
mui__material-ui-34610	ts	mui/material-ui	NA	1e09429e1804ddd7505fe78f3d606e24e98aa16f	1	packages/mui-base/src/SliderUnstyled/SliderUnstyled.js
mui__material-ui-34548	ts	mui/material-ui	NA	139724acb3ff53e7f4c8a3a3be90d004f8b8309f	3	packages/mui-system/src/palette.js;packages/mui-system/src/style.d.ts;packages/mui-system/src/style.js
mui__material-ui-34478	ts	mui/material-ui	NA	17695ff6be0aa6c7e4c81cadee5b9c8fb0c1a0b8	1	packages/mui-joy/src/Radio/Radio.tsx
mui__material-ui-34455	ts	mui/material-ui	NA	2890881a35de8bd364ccc7cab4fb7c2c227b130f	2	packages/mui-joy/src/Chip/Chip.tsx;packages/mui-joy/src/Chip/ChipProps.ts
mui__material-ui-34445	ts	mui/material-ui	NA	82d5d37106179635e7ed9c0efd962139ff62b5ea	1	packages/mui-material/src/Popover/Popover.js
mui__material-ui-34437	ts	mui/material-ui	NA	d9e863562f735bc798adfe20a63faa919a4fddd4	1	packages/mui-system/src/colorManipulator.js
mui__material-ui-34337	ts	mui/material-ui	NA	b3548fabeab1980d3c5e5b85945550df95ee6b82	1	packages/mui-base/src/ButtonUnstyled/ButtonUnstyled.tsx
mui__material-ui-34247	ts	mui/material-ui	NA	6006aa39784a81fdfa0eb96bd2001b3eb86bd829	1	packages/mui-material/src/Chip/Chip.js
mui__material-ui-34245	ts	mui/material-ui	NA	7e7435ad08ba02a0e1d8d8676a519b8ded634149	1	packages/mui-material/src/Fab/Fab.js
mui__material-ui-34229	ts	mui/material-ui	NA	fa62bf35e109ede215cb8cbae66ba4d6a30fef60	1	packages/mui-material/src/Select/SelectInput.js
mui__material-ui-34159	ts	mui/material-ui	NA	43a929dda5a0776bcc05f4624a5648441d44c7b2	1	packages/mui-material/src/ListItemButton/ListItemButton.js
mui__material-ui-33957	ts	mui/material-ui	NA	8d6bae2e39b9c6e28caf49e0fb930ccfba4b711f	1	packages/mui-material/src/Autocomplete/Autocomplete.js
mui__material-ui-33934	ts	mui/material-ui	NA	2991f58b34601595e5907a597deacdf753ab35f1	1	packages/mui-material/src/Modal/Modal.js
mui__material-ui-33880	ts	mui/material-ui	NA	71a18fb6a9252e2200a0d576e66d55fbd81b85bd	1	packages/mui-material/src/ListItemText/ListItemText.js
mui__material-ui-33873	ts	mui/material-ui	NA	89c820ac86ca54d6d8b25309f9b43803e68903dc	2	packages/mui-base/src/InputUnstyled/InputUnstyled.tsx;packages/mui-base/src/InputUnstyled/InputUnstyled.types.ts
mui__material-ui-33820	ts	mui/material-ui	NA	91ad7e8afe2b43b61815c31830f8b1a553fc9e91	3	docs/pages/material-ui/api/icon-button.json;docs/translations/api-docs/icon-button/icon-button.json;packages/mui-material/src/IconButton/iconButtonClasses.ts
mui__material-ui-33801	ts	mui/material-ui	NA	2991f58b34601595e5907a597deacdf753ab35f1	3	docs/pages/material-ui/api/chip.json;docs/translations/api-docs/chip/chip.json;packages/mui-material/src/Chip/chipClasses.ts
mui__material-ui-33777	ts	mui/material-ui	NA	812876d87be3ceeed0122b60e7003518b8ac6ea2	2	docs/data/material/customization/density/DensityTool.js;packages/mui-material/src/Grid/Grid.js
mui__material-ui-33692	ts	mui/material-ui	NA	6a96f9ca2297c1293cf1c5b96cb0de255d2f4a8a	1	packages/mui-codemod/src/v5.0.0/variant-prop.js
mui__material-ui-33691	ts	mui/material-ui	NA	1f403c091384cee51c6f4761180666985b5e34c4	1	packages/mui-codemod/src/v5.0.0/theme-spacing.js
mui__material-ui-33145	ts	mui/material-ui	NA	dba967d2e24475711b5fe870bc9d8083a1485252	1	packages/mui-base/src/ListboxUnstyled/useListbox.ts
mui__material-ui-32987	ts	mui/material-ui	NA	67186bfbce12163569f9e5a9c94d7ff2dd33f6fd	1	packages/mui-material/src/Dialog/Dialog.js
mui__material-ui-32962	ts	mui/material-ui	NA	93b0aba905b3b6947f58a02d911489bb737ee880	1	packages/mui-codemod/src/v5.0.0/jss-to-tss-react.js
mui__material-ui-32713	ts	mui/material-ui	NA	8a86d1e375943d33ddb4a19f272e8432ba1fa5c3	1	packages/mui-material/src/styles/createMixins.js
mui__material-ui-32626	ts	mui/material-ui	NA	414c2ad63dd766587ca1ae786fdf0b879976a242	1	packages/mui-base/src/AutocompleteUnstyled/useAutocomplete.js
mui__material-ui-32401	ts	mui/material-ui	NA	88db09044175734bb9f5e0fac2868e7a3ea6d485	2	docs/data/base/components/input/input.md;packages/mui-base/src/InputUnstyled/InputUnstyled.tsx
mui__material-ui-32182	ts	mui/material-ui	NA	c406cd6f89dcab6a223dbe77d833bc947ff64fdb	1	packages/mui-material/src/Link/Link.js
mui__material-ui-31998	ts	mui/material-ui	NA	5b53f5efe691a76630e479245e5be0f91371f691	3	packages/mui-material/src/Grid/Grid.d.ts;packages/mui-material/src/Grid/Grid.js;packages/mui-types/index.d.ts
mui__material-ui-31313	ts	mui/material-ui	NA	ed32fe693fb46196d9faa8073387f16e2350fbdf	1	packages/mui-base/src/AutocompleteUnstyled/useAutocomplete.js
mui__material-ui-30788	ts	mui/material-ui	NA	e47f22b9ea22bb61b10b6bbd0789781a779eb529	1	packages/mui-material/src/Select/Select.js
mui__material-ui-30561	ts	mui/material-ui	NA	88aa00a1665d1c6bb642392d104c9188ee830799	1	packages/mui-lab/src/internal/pickers/PureDateInput.tsx
mui__material-ui-30374	ts	mui/material-ui	NA	f22b27378ee98df1d8b300b1f6d639cdbb2c4929	1	packages/mui-base/src/AutocompleteUnstyled/useAutocomplete.js
mui__material-ui-30333	ts	mui/material-ui	NA	e47f22b9ea22bb61b10b6bbd0789781a779eb529	1	packages/mui-material/src/Grid/Grid.js
mui__material-ui-30126	ts	mui/material-ui	NA	da1fdb481c234a53f6b1544d3c3f6d354a00330a	3	docs/pages/api-docs/loading-button.json;docs/translations/api-docs/loading-button/loading-button.json;packages/mui-lab/src/LoadingButton/LoadingButton.js
mui__material-ui-30118	ts	mui/material-ui	NA	1dce3aadadfe4956bd0f265f816740d0a5d2b4b0	3	packages/mui-material/src/Popper/Popper.tsx;packages/mui-material/src/styles/components.d.ts;packages/mui-material/src/styles/props.d.ts
mui__material-ui-29988	ts	mui/material-ui	NA	4c44bedf531708518db2d9b0d9a42b379108fb5a	2	packages/mui-system/package.json;packages/mui-system/src/createStyled.js
mui__material-ui-29902	ts	mui/material-ui	NA	e4618dc8abd01a9214a2b6faafdadae3d5f54d20	2	packages/mui-codemod/src/util/propsToObject.js;packages/mui-codemod/src/v5.0.0/box-sx-prop.js
mui__material-ui-29880	ts	mui/material-ui	NA	0d94283959a3aa016881b9644767b937c34d2807	1	packages/mui-material/src/Grid/Grid.js
mui__material-ui-29824	ts	mui/material-ui	NA	b714f102d190358ab543e425de84325f81b6083a	1	packages/mui-codemod/src/v5.0.0/jss-to-styled.js
mui__material-ui-29756	ts	mui/material-ui	NA	259952855e31dfde8c9daa3d7d00f6d88e35f27b	3	packages/mui-system/src/breakpoints.js;packages/mui-system/src/styleFunctionSx/styleFunctionSx.js;packages/mui-system/src/styleFunctionSx/styleFunctionSx.spec.tsx
mui__material-ui-29613	ts	mui/material-ui	NA	aac3631f8fdf5a404dff6d71365fd509f70fa847	1	packages/mui-material/src/Button/Button.js
mui__material-ui-29317	ts	mui/material-ui	NA	b6cdaaf1a7f60de9ed66a491b7477fad19429905	3	docs/src/pages/customization/breakpoints/breakpoints.md;packages/mui-system/src/createTheme/createBreakpoints.d.ts;packages/mui-system/src/createTheme/createBreakpoints.js
mui__material-ui-26413	ts	mui/material-ui	NA	2ec75363c13a6646499df0516a94d808e57f354b	1	packages/material-ui-lab/src/TreeView/TreeView.js
mui__material-ui-26170	ts	mui/material-ui	NA	215794b567669951a61183d748c0b2be6483c3ea	3	docs/pages/api-docs/tab-list.json;packages/material-ui-lab/src/TabList/TabList.d.ts;packages/material-ui-lab/src/TabList/TabList.js
mui__material-ui-26061	ts	mui/material-ui	NA	5a983eadb806ba095de2a2754b208d470e3f55e7	1	packages/material-ui/src/Tabs/Tabs.js
mui__material-ui-25825	ts	mui/material-ui	NA	d687a88c1f4377b848730782890823c59de996e5	1	packages/material-ui/src/styles/colorManipulator.js
mui__material-ui-25815	ts	mui/material-ui	NA	a14696593902fd422b8f759d45b1b7ee409223f1	2	packages/material-ui/src/NativeSelect/NativeSelect.js;packages/material-ui/src/Select/Select.js
mui__material-ui-25637	ts	mui/material-ui	NA	d2e00769d0322dc911dd6237e30ab592aa02cad9	1	packages/material-ui-styles/src/getStylesCreator/getStylesCreator.js
mui__material-ui-25276	ts	mui/material-ui	NA	e6561e21bea65fb938470a9503971776a998196d	1	packages/material-ui/src/Autocomplete/Autocomplete.js
mui__material-ui-25259	ts	mui/material-ui	NA	fe2632d1eb87f0b544be104aa89d06f6a2a64e23	2	packages/material-ui/src/SpeedDial/SpeedDial.js;packages/material-ui/src/SpeedDialAction/SpeedDialAction.js
mui__material-ui-25105	ts	mui/material-ui	NA	6d732baac5eee9027a7cb4a7be9d165b8c705936	1	packages/material-ui/src/TableCell/TableCell.js
mui__material-ui-24290	ts	mui/material-ui	NA	1b24a942f93a07a7f2073942c6dec91bdd688d75	2	packages/material-ui/src/FormLabel/FormLabel.js;packages/material-ui/src/OutlinedInput/OutlinedInput.js
mui__material-ui-24213	ts	mui/material-ui	NA	dbaac3f35a31d2fc6f0ec3feb6c4125f5ec359b2	2	.eslintrc.js;packages/material-ui/src/useAutocomplete/useAutocomplete.js
mui__material-ui-24205	ts	mui/material-ui	NA	dbaac3f35a31d2fc6f0ec3feb6c4125f5ec359b2	2	packages/material-ui-lab/src/DateRangePicker/DateRangePickerViewMobile.tsx;packages/material-ui-lab/src/DayPicker/PickersCalendarHeader.tsx
mui__material-ui-24202	ts	mui/material-ui	NA	984645eb1a765abbf39a4f61dad0d21a6e518ee3	2	docs/pages/api-docs/autocomplete.json;packages/material-ui/src/Autocomplete/Autocomplete.js
mui__material-ui-24010	ts	mui/material-ui	NA	3506dda5d69fc237e8f241370c7fdf4d8a105370	1	packages/material-ui-system/src/style.js
mui__material-ui-23884	ts	mui/material-ui	NA	194670d1cab86a764398648f136949a003b0c8b0	2	packages/material-ui/src/useAutocomplete/useAutocomplete.js;scripts/react-next.diff
mui__material-ui-23806	ts	mui/material-ui	NA	21b4e266d576a450b36a406ffada2dfb1f3d0192	2	docs/src/pages/components/use-media-query/use-media-query.md;packages/material-ui/src/useMediaQuery/useMediaQuery.js
mui__material-ui-23786	ts	mui/material-ui	NA	6f56be2a07185be06984476aed9f518cbbd6b87d	1	packages/material-ui/src/internal/SwitchBase.js
mui__material-ui-23778	ts	mui/material-ui	NA	4f6c184c749b9ef1819b52a54e6db76c26f14482	1	packages/material-ui/src/Select/SelectInput.js
mui__material-ui-23487	ts	mui/material-ui	NA	5115f08e29babb11481a190d68e7fd045f3ce804	3	docs/src/pages/components/autocomplete/autocomplete.md;packages/material-ui/src/SwipeableDrawer/SwipeableDrawer.js;packages/material-ui/src/useAutocomplete/useAutocomplete.js
mui__material-ui-23073	ts	mui/material-ui	NA	754e29cf5a712d0e0f6bd3e54f80e9997659f68c	3	packages/material-ui/src/MenuItem/MenuItem.js;packages/material-ui/src/MenuList/MenuList.js;packages/material-ui/src/MenuList/MenuListContext.js
vuejs__core-11899	ts	vuejs/core	NA	d0b513eb463f580e29378e43d112ff6859aa366e	1	packages/compiler-sfc/src/style/pluginScoped.ts
vuejs__core-11854	ts	vuejs/core	NA	fe2ab1bbac7e29edd275350b3ca9bbb54285f598	1	packages/compiler-sfc/src/style/pluginScoped.ts
vuejs__core-11813	ts	vuejs/core	NA	1b6bc2374d93e5f76d9266a0fcc5c10a8cafef5b	1	packages/reactivity/src/effect.ts
vuejs__core-11761	ts	vuejs/core	NA	d298c431cc422b53cf4e9c69bf1daf926c33b6e0	2	packages/reactivity/src/arrayInstrumentations.ts;packages/reactivity/src/baseHandlers.ts
vuejs__core-11694	ts	vuejs/core	NA	fbc0c42bcf6dea5a6ae664223fa19d4375ca39f0	2	packages/reactivity/src/baseHandlers.ts;packages/reactivity/src/dep.ts
vuejs__core-11680	ts	vuejs/core	NA	fbc0c42bcf6dea5a6ae664223fa19d4375ca39f0	1	packages/compiler-sfc/src/script/resolveType.ts
vuejs__core-11625	ts	vuejs/core	NA	d7d0371e74707ee601020f67de88e091cdae2673	1	packages/runtime-core/src/apiWatch.ts
vuejs__core-11515	ts	vuejs/core	NA	e26fd7b1d15cb3335a4c2230cc49b1008daddca1	1	packages/compiler-ssr/src/transforms/ssrTransformTransitionGroup.ts
vuejs__core-11502	ts	vuejs/core	NA	4592b63c6a8a3d69bfe4ac1f9458b4a86a9676a4	1	packages/runtime-core/src/apiInject.ts
vuejs__core-11491	ts	vuejs/core	NA	79602f9ecd9559954f844774a90286305b13e056	3	packages/runtime-core/src/helpers/renderSlot.ts;packages/runtime-core/src/index.ts;packages/server-renderer/src/helpers/ssrRenderSlot.ts
vuejs__core-11338	ts	vuejs/core	NA	314ce82e479dbb33a9281ba8c2ebe288536b32df	1	packages/runtime-core/src/componentSlots.ts
vuejs__core-11201	ts	vuejs/core	NA	582cd2e9bc21b8d9b695dc0ad28f96cc88d8f0cf	1	packages/shared/src/toDisplayString.ts
vuejs__core-11165	ts	vuejs/core	NA	1c3327a0fa5983aa9078e3f7bb2330f572435425	1	packages/runtime-dom/src/patchProp.ts
vuejs__core-11026	ts	vuejs/core	NA	530d9ec5f69a39246314183d942d37986c01dc46	1	packages/compiler-sfc/src/script/resolveType.ts
vuejs__core-10989	ts	vuejs/core	NA	f44c3b37d446d5f8e34539029dae0d806b25bb47	1	packages/runtime-core/src/renderer.ts
vuejs__core-10939	ts	vuejs/core	NA	107e6143e716986269fc7c1d96733cb59dfadc53	1	packages/compiler-core/src/transforms/vFor.ts
vuejs__core-10891	ts	vuejs/core	NA	b2b5f57c2c945edd0eebc1b545ec1b7568e51484	2	packages/compiler-core/src/transforms/hoistStatic.ts;packages/compiler-core/src/transforms/transformElement.ts
vuejs__core-10874	ts	vuejs/core	NA	c0c9432b64091fa15fd8619cfb06828735356a42	1	packages/compiler-sfc/src/script/resolveType.ts
vuejs__core-10869	ts	vuejs/core	NA	6a8d54850610b65091b52c825b66e3510f4b9fe8	1	packages/shared/src/general.ts
vuejs__core-10522	ts	vuejs/core	NA	caeb8a68811a1b0f799632582289fcf169fb673c	1	packages/compiler-sfc/src/style/pluginScoped.ts
vuejs__core-10416	ts	vuejs/core	NA	89de26cdcdddef8096417ea494de113399629d5b	1	packages/runtime-dom/src/modules/props.ts
vuejs__core-10325	ts	vuejs/core	NA	3f92126a26a544dfa69211cf2977556a2706bb2c	1	packages/runtime-core/src/hydration.ts
vuejs__core-10289	ts	vuejs/core	NA	75e02b5099a08166bdf407127916734c48209ee9	1	packages/reactivity/src/reactive.ts
vuejs__core-10250	ts	vuejs/core	NA	d276a4f3e914aaccc291f7b2513e5d978919d0f9	3	packages/runtime-core/src/component.ts;packages/runtime-core/src/hydration.ts;packages/runtime-dom/src/helpers/useCssVars.ts
vuejs__core-10218	ts	vuejs/core	NA	f1068fc60ca511f68ff0aaedcc18b39124791d29	1	packages/compiler-core/src/transforms/transformSlotOutlet.ts
vuejs__core-10161	ts	vuejs/core	NA	f1068fc60ca511f68ff0aaedcc18b39124791d29	2	packages/runtime-dom/src/directives/vShow.ts;packages/runtime-dom/src/modules/style.ts
vuejs__core-10141	ts	vuejs/core	NA	07922dacc7422e828eb4238eac58dd11cd2cdb5c	1	packages/runtime-core/src/hydration.ts
vuejs__core-10101	ts	vuejs/core	NA	ffd0473e0f56de0f0d16b05b85d6b6f2e46bf10e	3	packages/reactivity/src/computed.ts;packages/reactivity/src/constants.ts;packages/reactivity/src/effect.ts
vuejs__core-10027	ts	vuejs/core	NA	68e5cc6ac8fc289372831c5fbdff09e63728fc00	1	packages/runtime-core/src/scheduler.ts
vuejs__core-10004	ts	vuejs/core	NA	0275dd329d241bdd84ce3ca0c7fc07211cb21751	1	packages/runtime-core/src/hydration.ts
vuejs__core-9751	ts	vuejs/core	NA	c3e2c556b532656b50b8ab5cd2d9eabc26622d63	1	packages/reactivity/src/baseHandlers.ts
vuejs__core-9572	ts	vuejs/core	NA	f6babf32363185ff3ab3512d952a8a9aa9603762	1	packages/runtime-core/src/apiWatch.ts
vuejs__core-9532	ts	vuejs/core	NA	a93bcc4e29be0db6c310f717db3687feb3e4287c	1	packages/runtime-core/src/hydration.ts
vuejs__core-9507	ts	vuejs/core	NA	fc772dbf7398e8ce961025556594b4a7d3f64871	2	packages/compiler-sfc/src/script/defineEmits.ts;packages/compiler-sfc/src/script/defineProps.ts
vuejs__core-9492	ts	vuejs/core	NA	edf2572615d0b065bb7ae49de4c3b71086771310	1	packages/compiler-core/src/transforms/transformExpression.ts
vuejs__core-9442	ts	vuejs/core	NA	4162311efdb0db5ca458542e1604b19efa2fae0e	1	packages/compiler-ssr/src/transforms/ssrVModel.ts
vuejs__core-9213	ts	vuejs/core	NA	dadb3632a0f824f6e6a1c246ed8788bea5cbcad6	3	packages/runtime-core/src/helpers/renderSlot.ts;packages/runtime-core/src/renderer.ts;packages/runtime-core/src/vnode.ts
vuejs__core-8911	ts	vuejs/core	NA	3be4e3cbe34b394096210897c1be8deeb6d748d8	1	packages/compiler-sfc/src/script/utils.ts
vuejs__core-8824	ts	vuejs/core	NA	7cbcee3d831241a8bd3588ae92d3f27e3641e25f	2	packages/compiler-sfc/src/script/utils.ts;packages/compiler-sfc/src/style/cssVars.ts
vuejs__core-8785	ts	vuejs/core	NA	fc772dbf7398e8ce961025556594b4a7d3f64871	1	packages/compiler-core/src/transforms/transformElement.ts
vuejs__core-8538	ts	vuejs/core	NA	0e63cbfaf57979e2c6fcfa986281c7521d82d893	1	packages/compiler-sfc/src/script/importUsageCheck.ts
vuejs__core-8511	ts	vuejs/core	NA	634519720a21fb5a6871454e1cadad7053a568b8	1	packages/compiler-sfc/src/script/resolveType.ts
vuejs__core-8470	ts	vuejs/core	NA	a9893458ec519aae442e1b99e64e6d74685cd22c	1	packages/compiler-sfc/src/script/resolveType.ts
vuejs__core-8381	ts	vuejs/core	NA	020851e57d9a9f727c6ea07e9c1575430af02b73	1	packages/compiler-core/src/babelUtils.ts
vuejs__core-8365	ts	vuejs/core	NA	0e8bbe873e579f3d3a74c44af28f7df9e7a06978	1	packages/compiler-sfc/src/script/resolveType.ts
Kong__insomnia-7734	js	Kong/insomnia	NA	44642a49e9a104a53964b3b2b9c589910d391236	1	packages/insomnia/src/utils/importers/importers/openapi-3.ts
anuraghazra__github-readme-stats-2228	js	anuraghazra/github-readme-stats	NA	8e3147014ca6ef63033574f12c70c1372ec26db8	1	src/cards/wakatime-card.js
anuraghazra__github-readme-stats-1378	js	anuraghazra/github-readme-stats	NA	02ebd3243b4dc1aba224c7c75c23ebd3e4867ed2	2	src/cards/repo-card.js;src/common/utils.js
anuraghazra__github-readme-stats-1370	js	anuraghazra/github-readme-stats	NA	d0ab2ff030edfecf74373de8ca16e9d09a273afa	2	src/cards/repo-card.js;src/common/utils.js
anuraghazra__github-readme-stats-1314	js	anuraghazra/github-readme-stats	NA	4dbb9e93b9be070169228d89bff9a82342587a81	3	src/cards/repo-card.js;src/cards/top-languages-card.js;src/common/utils.js
anuraghazra__github-readme-stats-1041	js	anuraghazra/github-readme-stats	NA	fef8bc3a4a4ddb12a5c779e7cae18438231845a7	1	src/cards/wakatime-card.js
anuraghazra__github-readme-stats-721	js	anuraghazra/github-readme-stats	NA	99591915eceb5136c0882037aa893cda5b5dbb34	3	readme.md;src/cards/stats-card.js;src/common/utils.js
anuraghazra__github-readme-stats-148	js	anuraghazra/github-readme-stats	NA	aa44bd7615442cc927ac070c5aedf35cb865c3a2	3	api/index.js;readme.md;src/fetchStats.js
anuraghazra__github-readme-stats-99	js	anuraghazra/github-readme-stats	NA	b039fa16afedf91cc9044f790ec63f23dbfa0299	2	src/fetchRepo.js;src/renderRepoCard.js
anuraghazra__github-readme-stats-88	js	anuraghazra/github-readme-stats	NA	96f89ad2b7ef282b3dc15642e3c658af86972b19	3	api/index.js;readme.md;src/renderStatsCard.js
axios__axios-5919	js	axios/axios	NA	bc9af51b1886d1b3529617702f2a21a6c0ed5d92	2	lib/adapters/adapters.js;lib/defaults/index.js
axios__axios-5661	js	axios/axios	NA	0abc70564746496eb211bbd951041b4655aec268	1	lib/utils.js
axios__axios-5085	js	axios/axios	NA	85740c3e7a1fa48346dfcbd4497f463ccb1c1b05	2	index.d.ts;lib/core/AxiosHeaders.js
expressjs__express-5555	js	expressjs/express	NA	a1fa90fcea7d8e844e1c9938ad095d62669c3abd	2	History.md;lib/response.js
expressjs__express-3870	js	expressjs/express	NA	dc538f6e810bd462c98ee7e6aae24c64d4b1da93	1	lib/application.js
expressjs__express-3695	js	expressjs/express	NA	3ed5090ca91f6a387e66370d57ead94d886275e1	1	lib/router/layer.js
expressjs__express-3495	js	expressjs/express	NA	8da51108e7bb501344c537d3f1f846a7477ae329	2	History.md;lib/request.js
iamkun__dayjs-2532	js	iamkun/dayjs	NA	f4cb2cfd77246116cb4151c74ca2f600a17cd951	1	src/index.js
iamkun__dayjs-2420	js	iamkun/dayjs	NA	a9d7d0398d22ebd4bfc3812ca0134a97606d54d9	1	src/plugin/timezone/index.js
iamkun__dayjs-2399	js	iamkun/dayjs	NA	a9d7d0398d22ebd4bfc3812ca0134a97606d54d9	1	src/index.js
iamkun__dayjs-2377	js	iamkun/dayjs	NA	f0a0b546b074b3b511c2319a1ce83d412894b91f	1	src/plugin/duration/index.js
iamkun__dayjs-2369	js	iamkun/dayjs	NA	f0a0b546b074b3b511c2319a1ce83d412894b91f	1	src/plugin/duration/index.js
iamkun__dayjs-2367	js	iamkun/dayjs	NA	1fe1b1d9a214d3b8c9f267b432801424a493f1c4	1	src/plugin/duration/index.js
iamkun__dayjs-2231	js	iamkun/dayjs	NA	e70bee7f840c89ec523b9ac997e5ac621a522726	1	src/index.js
iamkun__dayjs-2175	js	iamkun/dayjs	NA	e4468a46de423e7590f045a9e0f4b4a7251298e0	1	src/plugin/objectSupport/index.js
iamkun__dayjs-1964	js	iamkun/dayjs	NA	3d316117f04362d31f4e8bd349620b8414ce5d0c	3	src/locale/ar-ly.js;src/locale/mr.js;src/locale/sl.js
iamkun__dayjs-1953	js	iamkun/dayjs	NA	cbe91fd1087767337ff1089325c96bf2a1915eac	1	src/index.js
iamkun__dayjs-1725	js	iamkun/dayjs	NA	5a108ff3159c53fd270ea7638f33c35c934d6457	1	src/locale/ku.js
iamkun__dayjs-1611	js	iamkun/dayjs	NA	f68e4b1a29fc33542f74cde10ec6d9fb045ca37e	1	src/plugin/duration/index.js
iamkun__dayjs-1567	js	iamkun/dayjs	NA	b5e40e6f16abeaea6a0facfa466d20aefaa8a444	1	src/plugin/customParseFormat/index.js
iamkun__dayjs-1502	js	iamkun/dayjs	NA	06f88f425828b1ce96b737332d25145a95a4ee9d	1	src/locale/bg.js
iamkun__dayjs-1470	js	iamkun/dayjs	NA	0fdac93ff2531542301b76952be9b084b2e2dfa0	1	src/index.js
iamkun__dayjs-1321	js	iamkun/dayjs	NA	344bdc0eed6843edb05723dc7853a41833d88f08	1	src/plugin/customParseFormat/index.js
iamkun__dayjs-1319	js	iamkun/dayjs	NA	cc993f0a8d18d33c0137616b80adc86127ba3424	1	src/plugin/weekYear/index.js
iamkun__dayjs-1307	js	iamkun/dayjs	NA	bfaabe4f398c11564eca6cda7c8aded22e1b231a	1	src/constant.js
iamkun__dayjs-1295	js	iamkun/dayjs	NA	de49bb100badfb92b9a5933cc568841f340a923f	1	src/constant.js
iamkun__dayjs-1209	js	iamkun/dayjs	NA	9544ed2a6c466b8308d26b33a388a6737435a1f4	1	src/plugin/customParseFormat/index.js
iamkun__dayjs-1202	js	iamkun/dayjs	NA	9544ed2a6c466b8308d26b33a388a6737435a1f4	3	src/constant.js;src/plugin/duration/index.js;types/plugin/duration.d.ts
iamkun__dayjs-1201	js	iamkun/dayjs	NA	ed9629b5ab2895652111fc854e6081422ed5c010	1	src/plugin/utc/index.js
iamkun__dayjs-1161	js	iamkun/dayjs	NA	9a407a140b089345a387d1aceab4d0d1635229c7	2	src/plugin/timezone/index.js;types/plugin/timezone.d.ts
iamkun__dayjs-1160	js	iamkun/dayjs	NA	1d429e5fe4467ebddcf81b43cf6f36e5e3be944c	2	src/plugin/timezone/index.js;types/plugin/timezone.d.ts
iamkun__dayjs-1112	js	iamkun/dayjs	NA	7937ccdeac47d094a60e65ebb62a6020b81c46f4	1	src/locale/hu.js
iamkun__dayjs-1023	js	iamkun/dayjs	NA	a09d259a407b81d1cb6bb5623fad551c775d8674	1	src/utils.js
iamkun__dayjs-1019	js	iamkun/dayjs	NA	e1890c969122c677350af2f457b7066d1fcf787a	1	src/plugin/localeData/index.js
iamkun__dayjs-1010	js	iamkun/dayjs	NA	5a465cc90c0ace55268b2640512d0a4c6544ac7f	2	src/constant.js;src/index.js
iamkun__dayjs-1008	js	iamkun/dayjs	NA	5a465cc90c0ace55268b2640512d0a4c6544ac7f	1	src/plugin/duration/index.js
iamkun__dayjs-973	js	iamkun/dayjs	NA	70c123990dcc6bd479fa2b5d7f9985127872a826	2	src/plugin/utc/index.js;types/plugin/utc.d.ts
iamkun__dayjs-957	js	iamkun/dayjs	NA	14ab808a7b7e226f2eb2cbe894916a18ed5d967d	1	src/index.js
iamkun__dayjs-950	js	iamkun/dayjs	NA	81d4740511d47e34f891b21afeb0449ef8a28688	1	src/plugin/duration/index.js
iamkun__dayjs-938	js	iamkun/dayjs	NA	72cdb20552dd5af6c2295bf52075ba19cceb000f	1	src/plugin/localeData/index.js
iamkun__dayjs-918	js	iamkun/dayjs	NA	a08756e80bd1d7126fca28c5ad9e382613fc86c4	1	src/plugin/customParseFormat/index.js
iamkun__dayjs-889	js	iamkun/dayjs	NA	db642ac73e52e00d8c41546b2935c9e691cf66e0	1	src/plugin/duration/index.js
iamkun__dayjs-882	js	iamkun/dayjs	NA	bcea06730da2d19ddbad844de3557ee077af821c	3	src/index.js;src/plugin/customParseFormat/index.js;src/plugin/utc/index.js
iamkun__dayjs-873	js	iamkun/dayjs	NA	62b092d9f9a3db5506ef01f798bdf211f163f53f	1	src/plugin/customParseFormat/index.js
iamkun__dayjs-872	js	iamkun/dayjs	NA	62b092d9f9a3db5506ef01f798bdf211f163f53f	2	src/index.js;src/plugin/utc/index.js
iamkun__dayjs-867	js	iamkun/dayjs	NA	3188e158ed4ebca6669b5464ff7d3d85bf1c8615	1	src/plugin/duration/index.js
iamkun__dayjs-858	js	iamkun/dayjs	NA	c39fb96e2a9102c14b004c14a6c073af9d266f2f	3	.gitignore;src/plugin/duration/index.js;types/plugin/duration.d.ts
iamkun__dayjs-745	js	iamkun/dayjs	NA	15d1b813e7faf5a1f9d1ea6fc673fd27ac49d8b1	1	src/locale/sv.js
iamkun__dayjs-734	js	iamkun/dayjs	NA	9ad2e47e0569b23991bb0d5578f49c792c12df08	1	src/plugin/localeData/index.js
iamkun__dayjs-668	js	iamkun/dayjs	NA	4c862f682e763c5ad27ebc2492f7a40d0030ea4f	3	src/index.js;src/plugin/utc/index.js;types/plugin/utc.d.ts
iamkun__dayjs-658	js	iamkun/dayjs	NA	95e70b41e3be6882b0d2ba6c06aa8ad767873024	1	src/plugin/weekOfYear/index.js
iamkun__dayjs-602	js	iamkun/dayjs	NA	1761ebab0fbba36e401624379289e3777312d9b1	2	src/index.js;src/plugin/localeData/index.js
iamkun__dayjs-591	js	iamkun/dayjs	NA	de14682fa5e5815d73ae3d377b499321648c20ba	1	src/plugin/quarterOfYear/index.js
iamkun__dayjs-589	js	iamkun/dayjs	NA	de14682fa5e5815d73ae3d377b499321648c20ba	1	src/plugin/quarterOfYear/index.js
iamkun__dayjs-556	js	iamkun/dayjs	NA	566873acbdb562ff6354d255579eb323777d86f2	2	src/plugin/advancedFormat/index.js;src/plugin/buddhistEra/index.js
iamkun__dayjs-337	js	iamkun/dayjs	NA	36c4e94f014a78c186b354f003c048fdb5562464	2	docs/en/API-reference.md;src/index.js
sveltejs__svelte-15115	js	sveltejs/svelte	NA	357e1a74b4af25c3e3839d303cc3d8d239d43087	2	.changeset/strong-shoes-whisper.md;packages/svelte/src/compiler/phases/2-analyze/visitors/CallExpression.js
sveltejs__svelte-15083	js	sveltejs/svelte	NA	09510c8c5c0888578446781e54f2229428e21bfc	2	.changeset/pink-wolves-search.md;packages/svelte/src/utils.js
sveltejs__svelte-15057	js	sveltejs/svelte	NA	eee808fb79cfb182df7285b7107d5f7d2bee44d1	2	.changeset/dirty-sloths-move.md;packages/svelte/src/internal/client/dom/elements/attributes.js
sveltejs__svelte-15020	js	sveltejs/svelte	NA	1d3c4397b2f7fe01b3e5983e647f5a27dd63e67c	3	.changeset/violet-apes-punch.md;packages/svelte/src/compiler/phases/1-parse/read/expression.js;packages/svelte/src/compiler/phases/2-analyze/visitors/BindDirective.js
sveltejs__svelte-15013	js	sveltejs/svelte	NA	dfa97a5e643655d919a7c6ff80fb3841fe1111f9	2	.changeset/sour-pots-wonder.md;packages/svelte/src/internal/client/dom/elements/bindings/media.js
sveltejs__svelte-14942	js	sveltejs/svelte	NA	4aadb34c02dc6afce56bb0f66bbac117ac56c4e8	2	.changeset/gold-olives-care.md;packages/svelte/src/transition/index.js
sveltejs__svelte-14937	js	sveltejs/svelte	NA	a1f371e78656f951ad75945493a798716ecc92c4	2	.changeset/cold-cups-act.md;packages/svelte/src/motion/tweened.js
sveltejs__svelte-14935	js	sveltejs/svelte	NA	a1f371e78656f951ad75945493a798716ecc92c4	2	.changeset/quiet-planets-carry.md;packages/svelte/src/utils.js
sveltejs__svelte-14907	js	sveltejs/svelte	NA	ed26c3f658acb0292f06e6a437d42bb64e804447	2	.changeset/happy-candles-clean.md;packages/svelte/src/compiler/phases/3-transform/client/visitors/RegularElement.js
sveltejs__svelte-14699	js	sveltejs/svelte	NA	61a0da8a5fdf5ac86431ceadfae0f54d38dc9a66	2	.changeset/cold-cows-enjoy.md;packages/svelte/src/reactivity/media-query.js
sveltejs__svelte-14677	js	sveltejs/svelte	NA	b0374f8863538c7ae9d035c00c824b7c043bb4e0	2	.changeset/olive-pillows-fetch.md;packages/svelte/src/compiler/phases/3-transform/css/index.js
sveltejs__svelte-14640	js	sveltejs/svelte	NA	ef8bd6adeb238f2d8ccc8c04547e9e16cb932c25	2	.changeset/silent-tips-cover.md;packages/svelte/src/internal/client/dom/elements/attributes.js
sveltejs__svelte-14626	js	sveltejs/svelte	NA	c1c59e77a54109e6dd868e8ee7884caf9a275f5a	2	.changeset/green-pandas-study.md;packages/svelte/src/compiler/phases/2-analyze/visitors/BindDirective.js
sveltejs__svelte-14620	js	sveltejs/svelte	NA	c1c59e77a54109e6dd868e8ee7884caf9a275f5a	2	.changeset/four-carrots-burn.md;packages/svelte/src/compiler/phases/2-analyze/index.js
sveltejs__svelte-14607	js	sveltejs/svelte	NA	1a0b822f4826b82454962a94c072519530b7c126	2	.changeset/stupid-buckets-drum.md;packages/svelte/src/compiler/phases/3-transform/client/visitors/ClassBody.js
sveltejs__svelte-14597	js	sveltejs/svelte	NA	08e2cf25b03707f4ca6e44a1e6ca0480190c14a1	2	.changeset/rare-cheetahs-laugh.md;packages/svelte/src/internal/client/dom/blocks/if.js
sveltejs__svelte-14577	js	sveltejs/svelte	NA	60c0dc7a2dd1cef1f71c5a9176e52bf8a001d5e0	2	.changeset/red-worms-suffer.md;packages/svelte/src/compiler/phases/3-transform/css/index.js
sveltejs__svelte-14575	js	sveltejs/svelte	NA	6a6b4ec36a11bb4434311c4735ff846b79c00ba0	3	.changeset/little-berries-worry.md;packages/svelte/src/compiler/phases/3-transform/client/visitors/shared/component.js;packages/svelte/src/compiler/phases/3-transform/server/visitors/shared/component.js
sveltejs__svelte-14562	js	sveltejs/svelte	NA	4b802dbed328178263aaf2f1e967655f53be2399	2	.changeset/cool-clocks-film.md;packages/svelte/src/internal/client/dom/elements/attributes.js
sveltejs__svelte-14546	js	sveltejs/svelte	NA	4c4f18b24c644f7e17cd9fea7fde777f3324e206	2	.changeset/itchy-cooks-yawn.md;packages/svelte/src/internal/client/dom/elements/attributes.js
sveltejs__svelte-14494	js	sveltejs/svelte	NA	99b4cfbb510af722d3d111dac4d0059766ba6610	2	.changeset/popular-dogs-exist.md;packages/svelte/src/compiler/phases/2-analyze/css/css-prune.js
sveltejs__svelte-14468	js	sveltejs/svelte	NA	c4ac0e01e75eb20e99f6a31e974c6bc5b5f00dc7	3	.changeset/brave-keys-rescue.md;packages/svelte/src/compiler/phases/2-analyze/visitors/ExpressionTag.js;packages/svelte/src/compiler/phases/2-analyze/visitors/Text.js
sveltejs__svelte-14448	js	sveltejs/svelte	NA	1a8aab0e384c5706a9cf34aba69f56b050b1e549	2	.changeset/big-hats-wonder.md;packages/svelte/src/compiler/phases/3-transform/css/index.js
sveltejs__svelte-14440	js	sveltejs/svelte	NA	4f0dde52077478349762f4c7ba53568905426420	2	.changeset/breezy-insects-live.md;packages/svelte/src/internal/client/dom/blocks/await.js
sveltejs__svelte-14378	js	sveltejs/svelte	NA	9d12fd1a01d7020855122a8bfb5a35a3dd4e1c8f	2	.changeset/tiny-trainers-sleep.md;packages/svelte/src/compiler/phases/3-transform/client/visitors/AssignmentExpression.js
sveltejs__svelte-14349	js	sveltejs/svelte	NA	b145035a00525770abe9116e3887c050e19340ea	2	.changeset/wicked-grapes-flash.md;packages/svelte/src/internal/client/dom/elements/bindings/input.js
sveltejs__svelte-14317	js	sveltejs/svelte	NA	efc65d4e0c185cd597a6eeef013f6641b8e25d50	2	.changeset/rotten-turkeys-sniff.md;packages/svelte/src/compiler/phases/2-analyze/visitors/Attribute.js
sveltejs__svelte-14276	js	sveltejs/svelte	NA	36ece1c38114a7d1b4177829f76201eaeef7a6f4	2	.changeset/plenty-hairs-kneel.md;packages/svelte/src/compiler/phases/2-analyze/css/utils.js
sveltejs__svelte-14260	js	sveltejs/svelte	NA	ae9f53a3bde79e8777e865acac3b99612c2cec71	2	.changeset/afraid-donuts-whisper.md;packages/svelte/src/compiler/migrate/index.js
sveltejs__svelte-14236	js	sveltejs/svelte	NA	4bcd01b9941c7ba393738b5e038d9f4ad96b3bbd	2	.changeset/bright-papayas-sneeze.md;packages/svelte/src/compiler/phases/2-analyze/index.js
sveltejs__svelte-14224	js	sveltejs/svelte	NA	438de04fb2a753287bfd9fd420711cc7cd971012	2	.changeset/lazy-chefs-float.md;packages/svelte/src/compiler/migrate/index.js
sveltejs__svelte-14222	js	sveltejs/svelte	NA	438de04fb2a753287bfd9fd420711cc7cd971012	2	.changeset/seven-clocks-pull.md;packages/svelte/src/compiler/migrate/index.js
sveltejs__svelte-14216	js	sveltejs/svelte	NA	53af138d588f77bb8f4f10f9ad15fd4f798b50ef	2	.changeset/chatty-gorillas-poke.md;packages/svelte/src/compiler/migrate/index.js
sveltejs__svelte-14213	js	sveltejs/svelte	NA	ea0d80e1950b5c62547c69a26c823282e8d88ad3	2	.changeset/four-jobs-care.md;packages/svelte/src/compiler/phases/2-analyze/css/css-prune.js
sveltejs__svelte-14195	js	sveltejs/svelte	NA	44a833fafee1dc760dfc6f18f2e699b74cb4baea	2	.changeset/giant-waves-act.md;packages/svelte/src/compiler/phases/2-analyze/index.js
sveltejs__svelte-14153	js	sveltejs/svelte	NA	3d67cd53dbee6079834e208de4f65861798a3131	2	.changeset/four-countries-taste.md;packages/svelte/src/compiler/phases/1-parse/remove_typescript_nodes.js
sveltejs__svelte-14143	js	sveltejs/svelte	NA	551284ca2259d934d34b71a38071d85684bd6d4f	3	.changeset/mean-seas-give.md;.changeset/purple-owls-hug.md;packages/svelte/src/compiler/migrate/index.js
sveltejs__svelte-14101	js	sveltejs/svelte	NA	e7d68d8c10d4864cb4c58cd86f6076c187b22ec0	2	.changeset/polite-timers-tell.md;packages/svelte/src/compiler/phases/2-analyze/visitors/SvelteElement.js
sveltejs__svelte-14007	js	sveltejs/svelte	NA	777d059b10ded7e0e4af0cfb837c9e00864b3ec2	3	.changeset/wild-oranges-promise.md;packages/svelte/src/compiler/phases/2-analyze/visitors/shared/utils.js;packages/svelte/src/compiler/phases/scope.js
sveltejs__svelte-13866	js	sveltejs/svelte	NA	60dcffb8564bfcc1401ae4c934c742e31a24bc2f	2	.changeset/tasty-students-peel.md;packages/svelte/src/compiler/phases/2-analyze/css/css-prune.js
sveltejs__svelte-13850	js	sveltejs/svelte	NA	86ef18165f35d132f77b711263f00899f8134554	2	.changeset/sour-feet-carry.md;packages/svelte/src/compiler/migrate/index.js
sveltejs__svelte-13849	js	sveltejs/svelte	NA	86ef18165f35d132f77b711263f00899f8134554	3	.changeset/nine-pigs-approve.md;packages/svelte/src/internal/client/reactivity/props.js;packages/svelte/src/internal/server/index.js
sveltejs__svelte-13824	js	sveltejs/svelte	NA	7ecc6c076ca5aa5174882abd80837a1fcc0b1cad	2	.changeset/strong-feet-happen.md;packages/svelte/src/compiler/phases/2-analyze/css/css-prune.js
sveltejs__svelte-13774	js	sveltejs/svelte	NA	4a0c90e87de3bf1b1d74f287049bc018565d65e1	2	.changeset/rare-apes-dream.md;packages/svelte/src/internal/client/reactivity/effects.js
sveltejs__svelte-13760	js	sveltejs/svelte	NA	ef205d960e1ad723a883afc0df75a57454f151fc	2	.changeset/five-dingos-push.md;packages/svelte/src/compiler/migrate/index.js
sveltejs__svelte-13750	js	sveltejs/svelte	NA	28c8d2b95dcd8b8098dbdf4b28c9ff5fc815ddff	2	.changeset/five-zoos-brush.md;packages/svelte/src/compiler/phases/2-analyze/css/css-prune.js
sveltejs__svelte-13746	js	sveltejs/svelte	NA	2efae794b893d4b852cfd0a1ad656f2d6ad83d03	2	.changeset/moody-kids-brake.md;packages/svelte/src/compiler/phases/3-transform/css/index.js
sveltejs__svelte-13734	js	sveltejs/svelte	NA	41b5cd6f5daae3970a9927e062f42b6b62440d16	3	.changeset/tidy-spies-beg.md;packages/svelte/src/compiler/phases/3-transform/client/visitors/shared/component.js;packages/svelte/src/compiler/phases/3-transform/server/visitors/shared/component.js
sveltejs__svelte-13698	js	sveltejs/svelte	NA	0fdfd9c50cbc236d80995721176237243ca11ff4	2	.changeset/sweet-melons-itch.md;packages/svelte/src/compiler/migrate/index.js
sveltejs__svelte-13690	js	sveltejs/svelte	NA	fb052be96e6c2a38a74f3f595072f38128744c48	2	.changeset/sharp-tigers-notice.md;packages/svelte/src/compiler/phases/3-transform/client/visitors/DebugTag.js
sveltejs__svelte-13679	js	sveltejs/svelte	NA	894b1c37ad524dca9d2527fc761d56b478b7dd7a	2	.changeset/ten-vans-divide.md;packages/svelte/src/compiler/migrate/index.js
sveltejs__svelte-13668	js	sveltejs/svelte	NA	969e6aa750a4dccf3566fd4b12545f83e2492c72	2	.changeset/nasty-teachers-end.md;packages/svelte/src/compiler/migrate/index.js
sveltejs__svelte-13656	js	sveltejs/svelte	NA	d93ad3ba1e8c28c2facaec49e19d2ac1ed577e9f	2	.changeset/new-parrots-pay.md;packages/svelte/src/compiler/migrate/index.js
sveltejs__svelte-13646	js	sveltejs/svelte	NA	372884cf99420dd9d343a4ad78f6aa540a4df289	2	.changeset/eight-pans-worry.md;packages/svelte/src/internal/client/dom/blocks/svelte-component.js
sveltejs__svelte-13632	js	sveltejs/svelte	NA	f579a3ba7d8f088d1d4f8625758e5e5598c9ebfa	2	.changeset/spotty-kings-hug.md;packages/svelte/src/compiler/migrate/index.js
sveltejs__svelte-13630	js	sveltejs/svelte	NA	f579a3ba7d8f088d1d4f8625758e5e5598c9ebfa	2	.changeset/popular-dolphins-shake.md;packages/svelte/src/compiler/migrate/index.js
sveltejs__svelte-13617	js	sveltejs/svelte	NA	76067a5fbcf15143b0c0f9d60234f4560d0966c7	2	.changeset/cool-apes-confess.md;packages/svelte/src/compiler/migrate/index.js
sveltejs__svelte-13559	js	sveltejs/svelte	NA	d220edd75439fde00a60145b78ba7cc6d707f210	2	.changeset/afraid-worms-clean.md;packages/svelte/src/compiler/phases/3-transform/client/visitors/UseDirective.js
sveltejs__svelte-13553	js	sveltejs/svelte	NA	6776947ae85e58a2a947d1ce3143b4af3f799466	3	.changeset/loud-walls-wave.md;packages/svelte/src/internal/client/dom/blocks/each.js;packages/svelte/src/internal/server/index.js
sveltejs__svelte-13540	js	sveltejs/svelte	NA	8148e63ced607f13bf4f5e4a88ee90d91200b2f5	2	.changeset/chilly-glasses-retire.md;packages/svelte/src/html-tree-validation.js
sveltejs__svelte-13473	js	sveltejs/svelte	NA	b665425e5d2e41c11b3f3fd56e78b515709401c4	2	.changeset/real-timers-complain.md;packages/svelte/src/compiler/migrate/index.js
sveltejs__svelte-13461	js	sveltejs/svelte	NA	b665425e5d2e41c11b3f3fd56e78b515709401c4	2	.changeset/great-dots-wonder.md;packages/svelte/src/compiler/migrate/index.js
sveltejs__svelte-13456	js	sveltejs/svelte	NA	b665425e5d2e41c11b3f3fd56e78b515709401c4	3	.changeset/large-rules-hang.md;packages/svelte/src/compiler/migrate/index.js;packages/svelte/src/compiler/phases/3-transform/client/transform-client.js
sveltejs__svelte-13445	js	sveltejs/svelte	NA	33ee958087d5110ee4aee4b1f1cb30c7ac30a186	1	packages/svelte/src/compiler/phases/2-analyze/css/css-analyze.js
sveltejs__svelte-13416	js	sveltejs/svelte	NA	35ebbe61adfb09a780806d70f5c0067e6ebd78f7	3	.changeset/nervous-pans-call.md;packages/svelte/src/compiler/phases/3-transform/client/transform-client.js;packages/svelte/src/internal/client/validate.js
sveltejs__svelte-13411	js	sveltejs/svelte	NA	276443fe5e9d139cf89e18370367e97125b39a82	2	.changeset/nervous-chefs-exist.md;packages/svelte/src/compiler/phases/2-analyze/visitors/shared/a11y.js
sveltejs__svelte-13316	js	sveltejs/svelte	NA	b3842d79823ba713fd150c64f8896d4b3f03a00f	2	.changeset/hot-grapes-destroy.md;packages/svelte/src/compiler/phases/3-transform/client/transform-client.js
sveltejs__svelte-13291	js	sveltejs/svelte	NA	758fb2aa0fe6f12fcf7da384613fea183249f66c	2	.changeset/brave-candles-serve.md;packages/svelte/src/compiler/migrate/index.js
sveltejs__svelte-13265	js	sveltejs/svelte	NA	d9369d8e309640f71d7a8559dab8c5fb0ee982e4	2	.changeset/fuzzy-dancers-buy.md;packages/svelte/src/compiler/phases/2-analyze/visitors/Identifier.js
sveltejs__svelte-13262	js	sveltejs/svelte	NA	6ed45db20fdec3d43e833851281203af7b599533	3	.changeset/good-zebras-turn.md;packages/svelte/src/compiler/phases/3-transform/client/visitors/shared/utils.js;packages/svelte/src/compiler/phases/3-transform/server/visitors/shared/utils.js
sveltejs__svelte-13209	js	sveltejs/svelte	NA	91299b32ff4edf451cd3d912b208338dbfd117dd	2	.changeset/tough-snails-chew.md;packages/svelte/src/compiler/phases/2-analyze/css/css-prune.js
sveltejs__svelte-13198	js	sveltejs/svelte	NA	25f67df91117b649766144d6ec23425901877083	2	.changeset/ten-singers-repair.md;packages/svelte/src/compiler/phases/1-parse/state/element.js
sveltejs__svelte-13175	js	sveltejs/svelte	NA	0332abbd83f3edd2831c1ca8c2b19ff2aa22da60	2	.changeset/five-birds-check.md;packages/svelte/src/internal/client/proxy.js
sveltejs__svelte-13171	js	sveltejs/svelte	NA	47918328d7dacec0663c8f9a121a1dffc190c59d	2	.changeset/nasty-eggs-walk.md;packages/svelte/src/compiler/phases/3-transform/client/visitors/shared/element.js
sveltejs__svelte-13151	js	sveltejs/svelte	NA	3b88b88886bdf8fef064140e91938e162e80813d	2	.changeset/brave-doors-compete.md;packages/svelte/src/compiler/phases/scope.js
sveltejs__svelte-13104	js	sveltejs/svelte	NA	6f855e627f0e5321855cd4b61ad0822368e1c545	2	.changeset/chilly-boats-pretend.md;packages/svelte/src/compiler/phases/2-analyze/index.js
sveltejs__svelte-13097	js	sveltejs/svelte	NA	cf6b64c6c0220068abb2843fea78b125b8767f44	2	.changeset/dirty-jars-tap.md;packages/svelte/src/compiler/phases/1-parse/state/element.js
sveltejs__svelte-13073	js	sveltejs/svelte	NA	3b8801cbbacba9fe477c312b92e0f2ae29909547	2	.changeset/orange-sheep-exist.md;packages/svelte/src/compiler/phases/3-transform/utils.js
sveltejs__svelte-13026	js	sveltejs/svelte	NA	bc1624ffc83bbbf480d449a54b6e9b04c0a7c521	2	.changeset/khaki-donkeys-jump.md;packages/svelte/src/internal/client/proxy.js
sveltejs__svelte-13008	js	sveltejs/svelte	NA	c5c54dabcc7e93e59b1354911faca8961351f2ab	3	.changeset/beige-lamps-ring.md;.changeset/green-windows-tap.md;packages/svelte/src/internal/client/proxy.js
sveltejs__svelte-12963	js	sveltejs/svelte	NA	803ebd56767eec5daf560f52bb88e6ab4ff97367	3	.changeset/happy-coats-marry.md;packages/svelte/src/compiler/phases/3-transform/client/visitors/AssignmentExpression.js;packages/svelte/src/compiler/phases/3-transform/client/visitors/MemberExpression.js
sveltejs__svelte-12938	js	sveltejs/svelte	NA	363a5418e6330356ebc7abe39d240afccd255147	2	.changeset/proud-dots-swim.md;packages/svelte/src/internal/client/reactivity/sources.js
sveltejs__svelte-12899	js	sveltejs/svelte	NA	1f99935b992f0db255fd8d93138af00398e4b56f	2	.changeset/nasty-mirrors-applaud.md;packages/svelte/src/compiler/phases/3-transform/client/visitors/shared/utils.js
sveltejs__svelte-12845	js	sveltejs/svelte	NA	32808ac054a83f294024b57aa0bde3cbb03b86d6	3	.changeset/eleven-teachers-drive.md;packages/svelte/src/compiler/phases/3-transform/client/transform-client.js;packages/svelte/src/compiler/phases/3-transform/client/visitors/Program.js
sveltejs__svelte-12734	js	sveltejs/svelte	NA	e66416bec779ba4fba58c1bc670e119052489baf	2	.changeset/forty-guests-chew.md;packages/svelte/src/internal/client/dom/elements/attributes.js
sveltejs__svelte-12679	js	sveltejs/svelte	NA	ccccac394b97df54ee33ea1679ea7126884aeeba	2	.changeset/smooth-pens-exist.md;packages/svelte/src/compiler/phases/3-transform/client/visitors/template.js
sveltejs__svelte-12649	js	sveltejs/svelte	NA	e417d3a2d281a5ec9b595be5ffbd47efe57b28c3	2	.changeset/wild-poems-design.md;packages/svelte/src/internal/client/dom/elements/attributes.js
sveltejs__svelte-12638	js	sveltejs/svelte	NA	3bff87ac66251c60a92cf244d54aeb8ad8ece5d6	2	.changeset/sharp-spies-live.md;packages/svelte/src/compiler/phases/2-analyze/validation.js
sveltejs__svelte-12562	js	sveltejs/svelte	NA	72f5539f5161797c868f191b73fed9784ad671d8	2	.changeset/silver-mice-double.md;packages/svelte/src/internal/client/reactivity/store.js
sveltejs__svelte-12524	js	sveltejs/svelte	NA	0891fa7a18fb2303cc60791a3b5e6739c78fa5b4	2	.changeset/brown-moons-sleep.md;packages/svelte/src/compiler/phases/3-transform/client/visitors/template.js
sveltejs__svelte-12493	js	sveltejs/svelte	NA	ea22840e8c0537388e9839ad337d1aa6f0bd90c8	2	.changeset/popular-cups-bathe.md;packages/svelte/src/compiler/phases/3-transform/client/utils.js
sveltejs__svelte-12475	js	sveltejs/svelte	NA	c287bd503d5b73af1b3aff9ef210341bfcddc642	2	.changeset/clever-toys-laugh.md;packages/svelte/src/internal/client/dom/blocks/svelte-head.js
sveltejs__svelte-12474	js	sveltejs/svelte	NA	c287bd503d5b73af1b3aff9ef210341bfcddc642	3	packages/svelte/messages/compile-errors/style.md;packages/svelte/src/compiler/errors.js;packages/svelte/src/compiler/phases/2-analyze/css/css-analyze.js
sveltejs__svelte-12469	js	sveltejs/svelte	NA	9666215e6d975fad6f4dcf822e25d01e4090e9a1	2	.changeset/few-mails-play.md;packages/svelte/src/compiler/phases/1-parse/read/expression.js
sveltejs__svelte-12460	js	sveltejs/svelte	NA	436cc997406b3cbac3c1f84efb81d6b1d81befd0	2	.changeset/wicked-carrots-explain.md;packages/svelte/src/internal/client/dom/elements/transitions.js
sveltejs__svelte-12376	js	sveltejs/svelte	NA	256e60994e8d4745f9444b0ce372490b7c01800f	2	.changeset/small-chefs-sing.md;packages/svelte/src/internal/client/reactivity/effects.js
sveltejs__svelte-12375	js	sveltejs/svelte	NA	256e60994e8d4745f9444b0ce372490b7c01800f	3	.changeset/small-chefs-sing.md;packages/svelte/src/internal/client/dom/elements/events.js;packages/svelte/src/internal/client/render.js
sveltejs__svelte-12373	js	sveltejs/svelte	NA	4e8d1c8c52a4b1aaa10bbf79aa02e0d44df63e50	2	packages/svelte/src/internal/client/dom/blocks/html.js;sites/svelte-5-preview/src/routes/docs/content/03-appendix/02-breaking-changes.md
sveltejs__svelte-12365	js	sveltejs/svelte	NA	6ac1ae8a12552f8a4444f3b1bc938d2989c7726a	2	.changeset/mean-numbers-cry.md;packages/svelte/src/compiler/phases/2-analyze/css/css-prune.js
sveltejs__svelte-12345	js	sveltejs/svelte	NA	67bf7a80673ce9e1a6f5f5e7ab70be2b89a05690	3	.changeset/tidy-lizards-happen.md;packages/svelte/src/compiler/phases/2-analyze/index.js;packages/svelte/src/compiler/phases/3-transform/client/transform-client.js
sveltejs__svelte-12329	js	sveltejs/svelte	NA	5eff68f63df8fd2ccc3b0e591e47a43da4f8ccb3	2	.changeset/few-cheetahs-taste.md;packages/svelte/src/compiler/migrate/index.js
sveltejs__svelte-12321	js	sveltejs/svelte	NA	5eff68f63df8fd2ccc3b0e591e47a43da4f8ccb3	2	.changeset/bright-needles-pretend.md;packages/svelte/src/internal/client/dom/elements/transitions.js
sveltejs__svelte-12316	js	sveltejs/svelte	NA	b3c002a703f5da810620b84d67b7ccabe23027cc	3	.changeset/light-hounds-carry.md;packages/svelte/src/compiler/phases/3-transform/client/visitors/template.js;packages/svelte/src/internal/client/dom/elements/attributes.js
sveltejs__svelte-12304	js	sveltejs/svelte	NA	bc32b7c8289fbba4ddc1ea436cfc42eaf3ce1f68	1	packages/svelte/src/compiler/phases/3-transform/utils.js
sveltejs__svelte-12298	js	sveltejs/svelte	NA	eb3e677e05e581be60564bbbb6bf9ff96727d22c	2	.changeset/loud-insects-arrive.md;packages/svelte/src/compiler/phases/3-transform/client/utils.js
sveltejs__svelte-12290	js	sveltejs/svelte	NA	2f1d2d5906771a2879f6f77fb62f59bc0b31292c	2	.changeset/warm-waves-reply.md;packages/svelte/src/compiler/phases/3-transform/client/transform-client.js
sveltejs__svelte-12252	js	sveltejs/svelte	NA	9f51760dc64a16b047bf43372d7544471dd2d92d	3	packages/svelte/src/compiler/phases/3-transform/client/visitors/template.js;packages/svelte/src/internal/client/dev/hmr.js;packages/svelte/src/internal/client/dom/blocks/svelte-component.js
sveltejs__svelte-12176	js	sveltejs/svelte	NA	879b0119d53e93c118c9c8519f0f7f54138c34d2	3	.changeset/empty-files-prove.md;packages/svelte/src/compiler/migrate/index.js;packages/svelte/src/compiler/phases/1-parse/acorn.js
sveltejs__svelte-12119	js	sveltejs/svelte	NA	7295facb6c9b754a9d4e1b3abf6eab5d3263148a	2	.changeset/swift-rats-sing.md;packages/svelte/src/compiler/phases/2-analyze/a11y.js
sveltejs__svelte-12098	js	sveltejs/svelte	NA	97e5b5285adf05933bdc5cb047cf9df0db832a2e	2	.changeset/happy-lobsters-lick.md;packages/svelte/src/internal/client/dom/blocks/each.js
sveltejs__svelte-12056	js	sveltejs/svelte	NA	c3da6a491f401998e8b64b8fd330fa63bff00e10	2	.changeset/large-waves-join.md;packages/svelte/src/compiler/phases/3-transform/client/visitors/template.js
sveltejs__svelte-12019	js	sveltejs/svelte	NA	4cdc3710d02e2c968801995113e6604cfdd5db29	3	.changeset/clean-cats-wave.md;packages/svelte/src/compiler/migrate/index.js;packages/svelte/src/compiler/phases/2-analyze/index.js
sveltejs__svelte-12007	js	sveltejs/svelte	NA	84ad208f2e986fa549683a12e7f999c3d31b127f	2	.changeset/late-zebras-argue.md;packages/svelte/src/compiler/phases/3-transform/server/transform-server.js
sveltejs__svelte-11947	js	sveltejs/svelte	NA	6655f2c5d2d873f0bed4bf45220d185bb8a189a8	2	.changeset/breezy-waves-camp.md;packages/svelte/src/compiler/phases/2-analyze/validation.js
sveltejs__svelte-11946	js	sveltejs/svelte	NA	6655f2c5d2d873f0bed4bf45220d185bb8a189a8	2	.changeset/thin-spoons-float.md;packages/svelte/src/reactivity/set.js
sveltejs__svelte-11937	js	sveltejs/svelte	NA	48e620515dbb79ca8caf39634f2fb601d6a8534b	2	.changeset/wise-lemons-wave.md;packages/svelte/src/internal/client/render.js
sveltejs__svelte-11913	js	sveltejs/svelte	NA	ca6e9b5745e80b544c404bb74a968b68aea59c40	2	.changeset/cold-beans-tease.md;packages/svelte/src/reactivity/map.js
sveltejs__svelte-11835	js	sveltejs/svelte	NA	22e2aeca76b3049c2b249712885a98d148d74c4a	2	.changeset/dull-donkeys-smell.md;packages/svelte/src/compiler/phases/3-transform/server/transform-server.js
sveltejs__svelte-11784	js	sveltejs/svelte	NA	d1f5d5d33d228106236089d062d27c7d4696c930	2	.changeset/selfish-panthers-add.md;packages/svelte/src/compiler/phases/3-transform/css/index.js
sveltejs__svelte-11768	js	sveltejs/svelte	NA	d856c500924cc620f60ee32047df3c4620c3a5ce	2	.changeset/chilly-pans-raise.md;packages/svelte/src/compiler/phases/2-analyze/index.js
sveltejs__svelte-11766	js	sveltejs/svelte	NA	d946066c081bc1b32d8eaff8ca9fedb28b6fbc79	2	.changeset/clever-stingrays-shout.md;packages/svelte/src/internal/client/dev/equality.js
sveltejs__svelte-11720	js	sveltejs/svelte	NA	0128df33da19c0839eaab2f1da7525125dcb1ac1	2	.changeset/sour-jeans-collect.md;packages/svelte/src/compiler/phases/3-transform/client/visitors/template.js
sveltejs__svelte-11676	js	sveltejs/svelte	NA	1784026843d2f7de6e449a5587da5dc30d467818	3	.changeset/plenty-elephants-fry.md;packages/svelte/src/compiler/phases/2-analyze/validation.js;packages/svelte/src/compiler/phases/bindings.js
sveltejs__svelte-11669	js	sveltejs/svelte	NA	c70533a5a753c9478991812e647e5bcb9dcb19a7	2	.changeset/twelve-beans-drive.md;packages/svelte/src/compiler/utils/extract_svelte_ignore.js
sveltejs__svelte-11652	js	sveltejs/svelte	NA	019b26b775038f2df22a7e853447ce14e2b1ede9	2	.changeset/fresh-beds-wash.md;packages/svelte/src/compiler/phases/3-transform/client/visitors/template.js
sveltejs__svelte-11496	js	sveltejs/svelte	NA	d86b05279f3070fcf76f7b1987cd53767346fe35	2	.changeset/shiny-melons-love.md;packages/svelte/src/internal/client/runtime.js
sveltejs__svelte-11487	js	sveltejs/svelte	NA	34079a0ec57693cb419cf8ebffdb64f3ce69f24e	2	.changeset/gentle-toys-chew.md;packages/svelte/src/compiler/phases/3-transform/client/visitors/global.js
sveltejs__svelte-11470	js	sveltejs/svelte	NA	f2f71ae3a1b9a416936484c121e51f6645761ea8	3	.changeset/ten-tables-speak.md;packages/svelte/src/compiler/phases/3-transform/client/visitors/template.js;packages/svelte/src/compiler/phases/patterns.js
sveltejs__svelte-11463	js	sveltejs/svelte	NA	f2f71ae3a1b9a416936484c121e51f6645761ea8	2	.changeset/wet-pears-remain.md;packages/svelte/src/compiler/phases/2-analyze/validation.js
sveltejs__svelte-11421	js	sveltejs/svelte	NA	0f4f3d7df04cf749e3fe35fc9b625fdc7b61dc9c	2	.changeset/ninety-dots-train.md;packages/svelte/src/compiler/phases/2-analyze/index.js
sveltejs__svelte-11378	js	sveltejs/svelte	NA	8b1a26904a0d50d058564198904db578276ae775	2	.changeset/healthy-ants-film.md;packages/svelte/src/compiler/phases/2-analyze/validation.js
sveltejs__svelte-11371	js	sveltejs/svelte	NA	c7bdef595b7673c952ec4c6d3b7bee0916eb477c	2	.changeset/blue-lemons-wait.md;packages/svelte/src/internal/client/dom/elements/attributes.js
sveltejs__svelte-11367	js	sveltejs/svelte	NA	68071f7c0658e72c2dc0b8cd0bb81a4bd39127f0	2	.changeset/tiny-moose-kiss.md;packages/svelte/src/compiler/phases/3-transform/client/utils.js
sveltejs__svelte-11344	js	sveltejs/svelte	NA	cd798077b464ab3a28227f1e4a9aace20ba29b28	2	.changeset/cyan-squids-drive.md;packages/svelte/src/constants.js
sveltejs__svelte-11326	js	sveltejs/svelte	NA	c7bdef595b7673c952ec4c6d3b7bee0916eb477c	3	.changeset/honest-nails-share.md;packages/svelte/src/compiler/phases/3-transform/client/visitors/javascript-runes.js;packages/svelte/src/compiler/phases/patterns.js
sveltejs__svelte-11290	js	sveltejs/svelte	NA	053159bf0b5679e3b9bf2c4c2710fb92d810221f	1	packages/svelte/src/internal/client/reactivity/props.js
sveltejs__svelte-11287	js	sveltejs/svelte	NA	b91a67ba6845c5d37dbb6f2fda8a0d057f828dab	2	packages/svelte/src/reactivity/set.js;packages/svelte/types/index.d.ts
sveltejs__svelte-11254	js	sveltejs/svelte	NA	a8ca2a490407581cda3fe3dc9a1e0588132ba44b	2	.changeset/brave-carrots-draw.md;packages/svelte/src/internal/client/dom/blocks/each.js
sveltejs__svelte-11251	js	sveltejs/svelte	NA	a764f4e88ead69f71565da58eb5eab5c6de16a2a	2	.changeset/funny-ties-jump.md;packages/svelte/src/internal/client/dom/elements/transitions.js
sveltejs__svelte-11209	js	sveltejs/svelte	NA	d51075c154beed08ec706172bfab51cbaef5ec2e	1	packages/svelte/src/compiler/phases/scope.js
sveltejs__svelte-11114	js	sveltejs/svelte	NA	a531625896b5b05cebc21114bf2a03f6a619594b	3	.changeset/nine-cooks-join.md;packages/svelte/src/compiler/phases/2-analyze/validation.js;packages/svelte/src/compiler/warnings.js
sveltejs__svelte-11104	js	sveltejs/svelte	NA	e8f7437cf6d5d95811bfe472209826e4c6fcbc31	2	.changeset/gold-tools-nail.md;packages/svelte/src/compiler/phases/3-transform/server/transform-server.js
sveltejs__svelte-11096	js	sveltejs/svelte	NA	8578857332c27005866661a22734b1bf2d83b69f	2	.changeset/giant-plants-grin.md;packages/svelte/src/compiler/phases/2-analyze/css/css-prune.js
sveltejs__svelte-10917	js	sveltejs/svelte	NA	7e584e40d75a4afa93c6433f0efdfcc31424eb1a	3	.changeset/lovely-houses-own.md;.changeset/stale-fans-rest.md;packages/svelte/src/compiler/phases/3-transform/client/visitors/template.js
sveltejs__svelte-10728	js	sveltejs/svelte	NA	ae4af6841aaeb7b580ca5be2454318a3bfdaa05b	2	.changeset/small-sheep-type.md;packages/svelte/src/compiler/phases/2-analyze/validation.js
sveltejs__svelte-10727	js	sveltejs/svelte	NA	3fd02f1c49fd43f59b27dbd4822f351693a63301	3	.changeset/short-countries-rush.md;packages/svelte/src/compiler/phases/3-transform/client/utils.js;packages/svelte/src/internal/client/reactivity/store.js
sveltejs__svelte-10721	js	sveltejs/svelte	NA	fff3320517baf94abef277ce01f2104526d1a0e4	2	.changeset/eleven-cycles-applaud.md;packages/svelte/src/compiler/phases/1-parse/state/element.js
sveltejs__svelte-10691	js	sveltejs/svelte	NA	ee04f973b29367769b702e3b60b34191a1f24ac5	3	.changeset/happy-beds-scream.md;packages/svelte/src/compiler/phases/3-transform/utils.js;packages/svelte/src/compiler/phases/patterns.js
sveltejs__svelte-10671	js	sveltejs/svelte	NA	b1b51a404b1357558e963716c6182ecaccd24f20	3	.changeset/popular-ligers-perform.md;packages/svelte/src/compiler/phases/1-parse/read/context.js;packages/svelte/src/compiler/phases/1-parse/state/tag.js
sveltejs__svelte-10669	js	sveltejs/svelte	NA	e21488fc4b4e188711ff6b106b5d350d68249ba4	2	.changeset/unlucky-steaks-warn.md;packages/svelte/src/compiler/phases/3-transform/client/visitors/template.js
sveltejs__svelte-10655	js	sveltejs/svelte	NA	77b1f2fe516f699bf916697db8805a7d3b259c37	3	.changeset/slow-kids-sparkle.md;packages/svelte/src/compiler/phases/2-analyze/validation.js;packages/svelte/src/compiler/warnings.js
sveltejs__svelte-10608	js	sveltejs/svelte	NA	db0b802fc2a8d0cd75f3dc209f19e06712be5a92	3	.changeset/good-buses-reply.md;packages/svelte/src/compiler/phases/2-analyze/validation.js;packages/svelte/src/internal/client/render.js
sveltejs__svelte-10590	js	sveltejs/svelte	NA	58008479fc8478edebdc6e343738b856bb50d8a9	3	.changeset/spotty-turkeys-sparkle.md;packages/svelte/src/compiler/errors.js;packages/svelte/src/compiler/phases/2-analyze/validation.js
sveltejs__svelte-10553	js	sveltejs/svelte	NA	f5102013af6ba14774c0fe2d575ea8e06b92697a	3	.changeset/shaggy-cameras-live.md;packages/svelte/src/internal/client/render.js;packages/svelte/types/index.d.ts
sveltejs__svelte-10430	js	sveltejs/svelte	NA	0e011add4e094d87ee10e84281e815a6a85454b0	3	.changeset/odd-taxis-retire.md;packages/svelte/src/compiler/errors.js;packages/svelte/src/compiler/phases/2-analyze/validation.js
sveltejs__svelte-10413	js	sveltejs/svelte	NA	268ac95fde573dc26e96dbd3e581c01611a55de7	2	.changeset/strange-apricots-happen.md;packages/svelte/src/compiler/phases/bindings.js
sveltejs__svelte-10297	js	sveltejs/svelte	NA	268ac95fde573dc26e96dbd3e581c01611a55de7	3	.changeset/three-icons-trade.md;packages/svelte/src/internal/server/index.js;packages/svelte/src/main/main-server.js
sveltejs__svelte-10291	js	sveltejs/svelte	NA	107ec1c848e0d3494a2d798c8c088a93752a392a	3	.changeset/tall-mugs-buy.md;packages/svelte/src/compiler/errors.js;packages/svelte/src/compiler/phases/2-analyze/index.js
sveltejs__svelte-10287	js	sveltejs/svelte	NA	340934917a2bb8c0395934bf0c472bd3e067edb7	2	.changeset/thirty-pears-hug.md;packages/svelte/src/compiler/phases/2-analyze/css/Selector.js
sveltejs__svelte-10267	js	sveltejs/svelte	NA	036e88f1f76e50f40807f12cb8309fa2c0837c60	2	.changeset/witty-steaks-dream.md;packages/svelte/src/internal/client/proxy/proxy.js
sveltejs__svelte-10235	js	sveltejs/svelte	NA	88582479f2d4bae08d055585a4ef2256e599e107	2	.changeset/hungry-boxes-relate.md;packages/svelte/src/compiler/phases/3-transform/client/visitors/template.js
sveltejs__svelte-10209	js	sveltejs/svelte	NA	1798e58300235e1ee318b1dd4f6601851ecef5b0	1	packages/svelte/src/internal/client/runtime.js
sveltejs__svelte-10187	js	sveltejs/svelte	NA	d509de2503f5049edb19e9f8e9b3a09182ebaf92	3	.changeset/big-cars-serve.md;packages/svelte/src/compiler/phases/3-transform/client/visitors/template.js;packages/svelte/src/compiler/phases/3-transform/server/transform-server.js
sveltejs__svelte-10077	js	sveltejs/svelte	NA	570884eabda10a28e640ae3fdeae64c2f1a587b8	2	.changeset/dry-eggs-retire.md;packages/svelte/src/compiler/phases/1-parse/read/style.js
sveltejs__svelte-10071	js	sveltejs/svelte	NA	2133d7d67afc9908b9b7803bf76a0e2755ff913a	3	.changeset/sharp-kids-happen.md;packages/svelte/src/compiler/phases/3-transform/client/visitors/template.js;packages/svelte/src/internal/client/render.js
sveltejs__svelte-10054	js	sveltejs/svelte	NA	6d65b2f8ad68365ae3f24be36f718c09eeb591da	3	.changeset/metal-beers-learn.md;packages/svelte/src/compiler/phases/1-parse/read/style.js;packages/svelte/src/compiler/types/css.d.ts
sveltejs__svelte-10046	js	sveltejs/svelte	NA	6307a3322c2087286e8013a9aa2e6911e9a36d01	2	.changeset/hip-balloons-begin.md;packages/svelte/src/compiler/phases/1-parse/index.js
sveltejs__svelte-10027	js	sveltejs/svelte	NA	3624a4c2a00cda7e18ddf6331015995dabd30932	2	.changeset/dull-roses-relate.md;packages/svelte/src/compiler/phases/3-transform/utils.js
sveltejs__svelte-9970	js	sveltejs/svelte	NA	eab690d31a7203ac23334460c9ae68844d43dc26	2	.changeset/three-suits-grin.md;packages/svelte/src/compiler/phases/1-parse/read/style.js
sveltejs__svelte-9962	js	sveltejs/svelte	NA	092370b43fcb1b76f1c4cf713d1806b8ecb4932b	3	.changeset/nasty-yaks-peel.md;packages/svelte/src/compiler/phases/3-transform/client/utils.js;packages/svelte/src/compiler/utils/builders.js
sveltejs__svelte-9904	js	sveltejs/svelte	NA	4e61db7201c5320c6cf0bb323fa82659c56c2f37	3	.changeset/chatty-cups-drop.md;packages/svelte/src/compiler/errors.js;packages/svelte/src/compiler/phases/2-analyze/validation.js
sveltejs__svelte-9824	js	sveltejs/svelte	NA	5797bb34ce96b0d7b4608f934c1f13605143671f	2	.changeset/unlucky-boxes-obey.md;packages/svelte/src/compiler/phases/scope.js
sveltejs__svelte-9811	js	sveltejs/svelte	NA	d5167e75b96e10f0ed8f9b84588079d66dffaec6	2	.changeset/healthy-planes-vanish.md;packages/svelte/src/internal/client/runtime.js
sveltejs__svelte-9789	js	sveltejs/svelte	NA	24777c335a85209e344fb2b61a60c7768165c747	3	.changeset/lazy-months-knock.md;packages/svelte/src/internal/client/proxy/readonly.js;packages/svelte/src/internal/client/runtime.js
sveltejs__svelte-9718	js	sveltejs/svelte	NA	e3dc185a4c3420788ea50863dda50c7820bf6ae4	2	.changeset/flat-melons-protect.md;packages/svelte/src/compiler/phases/2-analyze/index.js
sveltejs__svelte-9717	js	sveltejs/svelte	NA	e3dc185a4c3420788ea50863dda50c7820bf6ae4	2	.changeset/ninety-dingos-walk.md;packages/svelte/src/internal/client/runtime.js
sveltejs__svelte-9713	js	sveltejs/svelte	NA	bde42d56764337e000ca72df921fb2d168067af1	2	.changeset/great-icons-retire.md;packages/svelte/src/compiler/phases/2-analyze/validation.js
sveltejs__svelte-9665	js	sveltejs/svelte	NA	405e9da4ff853c2e8aafde739ba0b2fd406f56b5	3	.changeset/light-pens-watch.md;packages/svelte/src/compiler/phases/3-transform/client/visitors/template.js;packages/svelte/src/internal/client/render.js
sveltejs__svelte-9664	js	sveltejs/svelte	NA	405e9da4ff853c2e8aafde739ba0b2fd406f56b5	3	.changeset/polite-pumpkins-guess.md;packages/svelte/src/compiler/phases/2-analyze/a11y.js;packages/svelte/src/compiler/warnings.js
sveltejs__svelte-9550	js	sveltejs/svelte	NA	9926347ad9dbdd0f3324d5538e25dcb7f5e442f8	2	packages/svelte/src/compiler/phases/3-transform/client/visitors/template.js;packages/svelte/src/internal/client/render.js
sveltejs__svelte-9500	js	sveltejs/svelte	NA	ede1edd314452a1bfd729503e990cf06e04da641	2	.changeset/sharp-gorillas-impress.md;packages/svelte/src/compiler/phases/2-analyze/index.js
sveltejs__svelte-9497	js	sveltejs/svelte	NA	37f249350c414d9a75635bf2993b08f888191ce5	3	.changeset/clean-eels-beg.md;packages/svelte/src/compiler/errors.js;packages/svelte/src/compiler/phases/2-analyze/validation.js
sveltejs__svelte-9471	js	sveltejs/svelte	NA	73e8820fe724cad5fd7ea3cd5b3faa652f04064e	2	.changeset/lazy-spiders-think.md;packages/svelte/src/internal/client/render.js
sveltejs__svelte-9462	js	sveltejs/svelte	NA	f5101c0d8cb34cd488af0b56784fb308541d62da	2	.changeset/itchy-lions-wash.md;packages/svelte/src/compiler/phases/3-transform/client/visitors/template.js
sveltejs__svelte-9456	js	sveltejs/svelte	NA	9abfb52f67bbcdc7b671c3b3dfc3d672c506a24a	2	.changeset/sour-rules-march.md;packages/svelte/src/compiler/phases/3-transform/server/transform-server.js
sveltejs__svelte-9328	js	sveltejs/svelte	NA	6f508a011bc8051ab9f82cafa97c5292a4453b92	3	.changeset/seven-cars-drum.md;packages/svelte/src/compiler/compile/render_dom/wrappers/Element/Attribute.js;packages/svelte/src/runtime/internal/dom.js
