axios__axios-5919	js	axios/axios	hard	bc9af51b1886d1b3529617702f2a21a6c0ed5d92	2	lib/adapters/adapters.js;lib/defaults/index.js
iamkun__dayjs-2369	js	iamkun/dayjs	easy	f0a0b546b074b3b511c2319a1ce83d412894b91f	1	src/plugin/duration/index.js
iamkun__dayjs-1611	js	iamkun/dayjs	medium	f68e4b1a29fc33542f74cde10ec6d9fb045ca37e	1	src/plugin/duration/index.js
iamkun__dayjs-1201	js	iamkun/dayjs	medium	ed9629b5ab2895652111fc854e6081422ed5c010	1	src/plugin/utc/index.js
iamkun__dayjs-882	js	iamkun/dayjs	hard	bcea06730da2d19ddbad844de3557ee077af821c	3	src/index.js;src/plugin/customParseFormat/index.js;src/plugin/utc/index.js
iamkun__dayjs-873	js	iamkun/dayjs	hard	62b092d9f9a3db5506ef01f798bdf211f163f53f	1	src/plugin/customParseFormat/index.js
iamkun__dayjs-857	js	iamkun/dayjs	medium	c39fb96e2a9102c14b004c14a6c073af9d266f2f	6	src/plugin/isToday/index.js;src/plugin/isTomorrow/index.js;src/plugin/isYesterday/index.js;types/plugin/isToday.d.ts;types/plugin/isTomorrow.d.ts;types/plugin/isYesterday.d.ts
iamkun__dayjs-658	js	iamkun/dayjs	hard	95e70b41e3be6882b0d2ba6c06aa8ad767873024	1	src/plugin/weekOfYear/index.js
sveltejs__svelte-15115	js	sveltejs/svelte	hard	357e1a74b4af25c3e3839d303cc3d8d239d43087	2	.changeset/strong-shoes-whisper.md;packages/svelte/src/compiler/phases/2-analyze/visitors/CallExpression.js
sveltejs__svelte-14640	js	sveltejs/svelte	hard	ef8bd6adeb238f2d8ccc8c04547e9e16cb932c25	2	.changeset/silent-tips-cover.md;packages/svelte/src/internal/client/dom/elements/attributes.js
sveltejs__svelte-14445	js	sveltejs/svelte	hard	f2eed15c021b038a77cb97e71c565823ef2c16fb	12	.changeset/green-pumpkins-ring.md;documentation/docs/98-reference/.generated/compile-errors.md;documentation/docs/98-reference/.generated/compile-warnings.md;packages/svelte/messages/compile-errors/template.md;packages/svelte/messages/compile-warnings/template.md;packages/svelte/src/compiler/errors.js;packages/svelte/src/compiler/phases/2-analyze/visitors/ExpressionTag.js;packages/svelte/src/compiler/phases/2-analyze/visitors/RegularElement.js;packages/svelte/src/compiler/phases/2-analyze/visitors/Text.js;packages/svelte/src/compiler/warnings.js;packages/svelte/src/html-tree-validation.js;packages/svelte/src/internal/server/dev.js
sveltejs__svelte-14317	js	sveltejs/svelte	hard	efc65d4e0c185cd597a6eeef013f6641b8e25d50	2	.changeset/rotten-turkeys-sniff.md;packages/svelte/src/compiler/phases/2-analyze/visitors/Attribute.js
sveltejs__svelte-14153	js	sveltejs/svelte	medium	3d67cd53dbee6079834e208de4f65861798a3131	2	.changeset/four-countries-taste.md;packages/svelte/src/compiler/phases/1-parse/remove_typescript_nodes.js
sveltejs__svelte-13746	js	sveltejs/svelte	hard	2efae794b893d4b852cfd0a1ad656f2d6ad83d03	2	.changeset/moody-kids-brake.md;packages/svelte/src/compiler/phases/3-transform/css/index.js
sveltejs__svelte-13668	js	sveltejs/svelte	hard	969e6aa750a4dccf3566fd4b12545f83e2492c72	2	.changeset/nasty-teachers-end.md;packages/svelte/src/compiler/migrate/index.js
sveltejs__svelte-13646	js	sveltejs/svelte	medium	372884cf99420dd9d343a4ad78f6aa540a4df289	2	.changeset/eight-pans-worry.md;packages/svelte/src/internal/client/dom/blocks/svelte-component.js
sveltejs__svelte-13632	js	sveltejs/svelte	hard	f579a3ba7d8f088d1d4f8625758e5e5598c9ebfa	2	.changeset/spotty-kings-hug.md;packages/svelte/src/compiler/migrate/index.js
sveltejs__svelte-13589	js	sveltejs/svelte	hard	eb6488cd905c1d5bc9a88bed4e1716cbb88fd14a	5	.changeset/green-cameras-bake.md;packages/svelte/src/compiler/phases/2-analyze/css/css-prune.js;packages/svelte/src/compiler/phases/2-analyze/index.js;packages/svelte/src/compiler/phases/2-analyze/visitors/RenderTag.js;packages/svelte/src/compiler/phases/types.d.ts
sveltejs__svelte-13540	js	sveltejs/svelte	medium	8148e63ced607f13bf4f5e4a88ee90d91200b2f5	2	.changeset/chilly-glasses-retire.md;packages/svelte/src/html-tree-validation.js
sveltejs__svelte-13437	js	sveltejs/svelte	hard	33ee958087d5110ee4aee4b1f1cb30c7ac30a186	5	.changeset/good-vans-bake.md;packages/svelte/src/compiler/migrate/index.js;packages/svelte/src/compiler/phases/1-parse/state/element.js;packages/svelte/src/compiler/phases/2-analyze/visitors/SvelteComponent.js;packages/svelte/src/compiler/phases/scope.js
sveltejs__svelte-13057	js	sveltejs/svelte	hard	a1d1012e9dcc87ada9b8a80796f8db7e5fcc77a3	4	.changeset/gentle-needles-train.md;packages/svelte/messages/compile-errors/template.md;packages/svelte/src/compiler/errors.js;packages/svelte/src/compiler/phases/1-parse/state/element.js
sveltejs__svelte-12938	js	sveltejs/svelte	hard	363a5418e6330356ebc7abe39d240afccd255147	2	.changeset/proud-dots-swim.md;packages/svelte/src/internal/client/reactivity/sources.js
sveltejs__svelte-12845	js	sveltejs/svelte	hard	32808ac054a83f294024b57aa0bde3cbb03b86d6	3	.changeset/eleven-teachers-drive.md;packages/svelte/src/compiler/phases/3-transform/client/transform-client.js;packages/svelte/src/compiler/phases/3-transform/client/visitors/Program.js
sveltejs__svelte-12734	js	sveltejs/svelte	hard	e66416bec779ba4fba58c1bc670e119052489baf	2	.changeset/forty-guests-chew.md;packages/svelte/src/internal/client/dom/elements/attributes.js
sveltejs__svelte-12692	js	sveltejs/svelte	hard	4aa815f1ec13722f4f0fbc1a0dcbe707fa476294	5	.changeset/serious-owls-think.md;packages/svelte/src/compiler/phases/2-analyze/index.js;packages/svelte/src/compiler/phases/2-analyze/visitors/CallExpression.js;packages/svelte/src/compiler/phases/2-analyze/visitors/TaggedTemplateExpression.js;packages/svelte/src/compiler/phases/2-analyze/visitors/shared/utils.js
sveltejs__svelte-12460	js	sveltejs/svelte	hard	436cc997406b3cbac3c1f84efb81d6b1d81befd0	2	.changeset/wicked-carrots-explain.md;packages/svelte/src/internal/client/dom/elements/transitions.js
sveltejs__svelte-12373	js	sveltejs/svelte	medium	4e8d1c8c52a4b1aaa10bbf79aa02e0d44df63e50	2	packages/svelte/src/internal/client/dom/blocks/html.js;sites/svelte-5-preview/src/routes/docs/content/03-appendix/02-breaking-changes.md
sveltejs__svelte-12304	js	sveltejs/svelte	hard	bc32b7c8289fbba4ddc1ea436cfc42eaf3ce1f68	1	packages/svelte/src/compiler/phases/3-transform/utils.js
sveltejs__svelte-12047	js	sveltejs/svelte	hard	95d07de7f9711855295c3b0ce8adcada10981b12	5	.changeset/brave-pigs-obey.md;packages/svelte/src/internal/client/reactivity/deriveds.js;packages/svelte/src/internal/client/reactivity/props.js;packages/svelte/src/internal/client/reactivity/sources.js;packages/svelte/src/internal/client/runtime.js
sveltejs__svelte-11947	js	sveltejs/svelte	medium	6655f2c5d2d873f0bed4bf45220d185bb8a189a8	2	.changeset/breezy-waves-camp.md;packages/svelte/src/compiler/phases/2-analyze/validation.js
sveltejs__svelte-11736	js	sveltejs/svelte	medium	d4718e0755eac1e505292d0fb7cfd8682eca3048	5	.changeset/funny-trees-cry.md;packages/svelte/messages/compile-errors/template.md;packages/svelte/src/compiler/errors.js;packages/svelte/src/compiler/phases/2-analyze/validation.js;packages/svelte/src/compiler/utils/ast.js
sveltejs__svelte-11669	js	sveltejs/svelte	medium	c70533a5a753c9478991812e647e5bcb9dcb19a7	2	.changeset/twelve-beans-drive.md;packages/svelte/src/compiler/utils/extract_svelte_ignore.js
sveltejs__svelte-11652	js	sveltejs/svelte	hard	019b26b775038f2df22a7e853447ce14e2b1ede9	2	.changeset/fresh-beds-wash.md;packages/svelte/src/compiler/phases/3-transform/client/visitors/template.js
sveltejs__svelte-11632	js	sveltejs/svelte	hard	4f8bba2f802dd99888d83909abbc336cd7127f80	4	.changeset/eight-carrots-hunt.md;packages/svelte/messages/compile-errors/script.md;packages/svelte/src/compiler/errors.js;packages/svelte/src/compiler/phases/2-analyze/validation.js
sveltejs__svelte-11371	js	sveltejs/svelte	hard	c7bdef595b7673c952ec4c6d3b7bee0916eb477c	2	.changeset/blue-lemons-wait.md;packages/svelte/src/internal/client/dom/elements/attributes.js
sveltejs__svelte-11344	js	sveltejs/svelte	medium	cd798077b464ab3a28227f1e4a9aace20ba29b28	2	.changeset/cyan-squids-drive.md;packages/svelte/src/constants.js
sveltejs__svelte-11325	js	sveltejs/svelte	hard	8e17428316cbad94d21306b75f6ef4d389b6e301	4	.changeset/brown-geckos-fry.md;packages/svelte/messages/compile-warnings/a11y.md;packages/svelte/src/compiler/phases/2-analyze/a11y.js;packages/svelte/src/compiler/warnings.js
sveltejs__svelte-10297	js	sveltejs/svelte	medium	268ac95fde573dc26e96dbd3e581c01611a55de7	3	.changeset/three-icons-trade.md;packages/svelte/src/internal/server/index.js;packages/svelte/src/main/main-server.js
sveltejs__svelte-10235	js	sveltejs/svelte	medium	88582479f2d4bae08d055585a4ef2256e599e107	2	.changeset/hungry-boxes-relate.md;packages/svelte/src/compiler/phases/3-transform/client/visitors/template.js
sveltejs__svelte-10187	js	sveltejs/svelte	hard	d509de2503f5049edb19e9f8e9b3a09182ebaf92	3	.changeset/big-cars-serve.md;packages/svelte/src/compiler/phases/3-transform/client/visitors/template.js;packages/svelte/src/compiler/phases/3-transform/server/transform-server.js
sveltejs__svelte-9973	js	sveltejs/svelte	hard	eab690d31a7203ac23334460c9ae68844d43dc26	5	.changeset/long-buckets-lay.md;packages/svelte/src/compiler/phases/3-transform/client/visitors/template.js;packages/svelte/src/compiler/phases/3-transform/server/transform-server.js;packages/svelte/src/compiler/utils/builders.js;packages/svelte/src/compiler/utils/sanitize_template_string.js
sveltejs__svelte-9838	js	sveltejs/svelte	hard	388e3e68fc46fd018e58a82572d45f704e6e9c8f	12	.changeset/wise-donkeys-marry.md;packages/svelte/src/compiler/errors.js;packages/svelte/src/compiler/phases/2-analyze/validation.js;packages/svelte/src/compiler/phases/3-transform/client/visitors/javascript-runes.js;packages/svelte/src/compiler/phases/3-transform/server/transform-server.js;packages/svelte/src/compiler/phases/3-transform/utils.js;packages/svelte/src/compiler/phases/constants.js;packages/svelte/src/compiler/phases/scope.js;packages/svelte/src/internal/client/runtime.js;packages/svelte/src/internal/server/index.js;packages/svelte/src/main/ambient.d.ts;sites/svelte-5-preview/src/routes/docs/content/01-api/02-runes.md
sveltejs__svelte-9784	js	sveltejs/svelte	hard	10aacfa603d7a7f139ca3c63556c2ef7af071ba1	4	.changeset/polite-ravens-study.md;packages/svelte/src/compiler/phases/3-transform/client/utils.js;packages/svelte/src/constants.js;packages/svelte/src/internal/client/runtime.js
sveltejs__svelte-9723	js	sveltejs/svelte	hard	2fa06447cf51893715bfe776f753d1b1f0587d83	16	.changeset/gentle-sheep-hug.md;packages/svelte/src/compiler/errors.js;packages/svelte/src/compiler/phases/1-parse/index.js;packages/svelte/src/compiler/phases/1-parse/read/style.js;packages/svelte/src/compiler/phases/2-analyze/css/Selector.js;packages/svelte/src/compiler/phases/2-analyze/validation.js;packages/svelte/src/compiler/phases/3-transform/client/visitors/javascript-legacy.js;packages/svelte/src/compiler/phases/3-transform/client/visitors/template.js;packages/svelte/src/compiler/phases/3-transform/server/transform-server.js;packages/svelte/src/compiler/phases/constants.js;packages/svelte/src/compiler/phases/patterns.js;packages/svelte/src/compiler/phases/scope.js;packages/svelte/src/compiler/types/css.d.ts;packages/svelte/src/compiler/types/template.d.ts;packages/svelte/src/compiler/warnings.js;sites/svelte-5-preview/src/routes/docs/content/03-appendix/02-breaking-changes.md
sveltejs__svelte-9718	js	sveltejs/svelte	medium	e3dc185a4c3420788ea50863dda50c7820bf6ae4	2	.changeset/flat-melons-protect.md;packages/svelte/src/compiler/phases/2-analyze/index.js
sveltejs__svelte-9717	js	sveltejs/svelte	hard	e3dc185a4c3420788ea50863dda50c7820bf6ae4	2	.changeset/ninety-dingos-walk.md;packages/svelte/src/internal/client/runtime.js
sveltejs__svelte-9713	js	sveltejs/svelte	medium	bde42d56764337e000ca72df921fb2d168067af1	2	.changeset/great-icons-retire.md;packages/svelte/src/compiler/phases/2-analyze/validation.js
anuraghazra__github-readme-stats-3442	js	anuraghazra/github-readme-stats	hard	9c6eb2286284a44ea3ba983ab4d2d2f8a8c2203e	22	.gitignore;api/gist.js;api/index.js;api/pin.js;api/status/pat-info.js;api/status/up.js;api/top-langs.js;api/wakatime.js;cloudflare/adapter.js;cloudflare/index.js;readme.md;src/cards/gist-card.js;src/cards/stats-card.js;src/cards/wakatime-card.js;src/common/Card.js;src/common/retryer.js;src/common/utils.js;src/fetchers/gist-fetcher.js;src/fetchers/repo-fetcher.js;src/fetchers/stats-fetcher.js;src/fetchers/top-languages-fetcher.js;wrangler.toml
anuraghazra__github-readme-stats-1370	js	anuraghazra/github-readme-stats	hard	d0ab2ff030edfecf74373de8ca16e9d09a273afa	2	src/cards/repo-card.js;src/common/utils.js
anuraghazra__github-readme-stats-1314	js	anuraghazra/github-readme-stats	hard	4dbb9e93b9be070169228d89bff9a82342587a81	3	src/cards/repo-card.js;src/cards/top-languages-card.js;src/common/utils.js
darkreader__darkreader-7241	ts	darkreader/darkreader	easy	991883df4d5910851130e3dc0e21fcbce604ea7d	1	src/generators/utils/parse.ts
darkreader__darkreader-6747	ts	darkreader/darkreader	easy	a787eb511f45159c8869d30e5a6ba1f91cb67709	2	src/generators/dynamic-theme.ts;src/generators/utils/parse.ts
vuejs__core-11813	ts	vuejs/core	easy	1b6bc2374d93e5f76d9266a0fcc5c10a8cafef5b	1	packages/reactivity/src/effect.ts
vuejs__core-11625	ts	vuejs/core	easy	d7d0371e74707ee601020f67de88e091cdae2673	1	packages/runtime-core/src/apiWatch.ts
vuejs__core-11515	ts	vuejs/core	easy	e26fd7b1d15cb3335a4c2230cc49b1008daddca1	1	packages/compiler-ssr/src/transforms/ssrTransformTransitionGroup.ts
vuejs__core-10325	ts	vuejs/core	hard	3f92126a26a544dfa69211cf2977556a2706bb2c	1	packages/runtime-core/src/hydration.ts
vuejs__core-10289	ts	vuejs/core	easy	75e02b5099a08166bdf407127916734c48209ee9	1	packages/reactivity/src/reactive.ts
vuejs__core-9492	ts	vuejs/core	easy	edf2572615d0b065bb7ae49de4c3b71086771310	1	packages/compiler-core/src/transforms/transformExpression.ts
vuejs__core-8911	ts	vuejs/core	easy	3be4e3cbe34b394096210897c1be8deeb6d748d8	1	packages/compiler-sfc/src/script/utils.ts
vuejs__core-8381	ts	vuejs/core	medium	020851e57d9a9f727c6ea07e9c1575430af02b73	1	packages/compiler-core/src/babelUtils.ts
vuejs__core-8365	ts	vuejs/core	easy	0e8bbe873e579f3d3a74c44af28f7df9e7a06978	1	packages/compiler-sfc/src/script/resolveType.ts
mui__material-ui-39962	ts	mui/material-ui	medium	553cf822f6500075d374f3e89ad04b8308cd9f47	2	packages/mui-system/src/borders.js;packages/mui-system/src/styleFunctionSx/defaultSxConfig.js
mui__material-ui-39196	ts	mui/material-ui	medium	75404f9ff09965be1bd7c9ed27154fd7536edde1	2	docs/data/system/spacing/spacing.md;packages/mui-system/src/spacing.js
mui__material-ui-38916	ts	mui/material-ui	hard	58504fa3345fbd2c70c59f7ce2e9d634afe01e38	79	docs/data/joy/getting-started/templates/framesx-web-blocks/theme.tsx;docs/data/joy/main-features/color-inversion/ColorInversionAnyParent.js;docs/data/joy/main-features/color-inversion/ColorInversionAnyParent.tsx;docs/data/joy/main-features/color-inversion/ColorInversionNavigation.js;docs/data/joy/main-features/color-inversion/ColorInversionNavigation.tsx;docs/data/joy/main-features/color-inversion/ColorInversionOverview.js;docs/data/joy/main-features/color-inversion/ColorInversionOverview.tsx;docs/data/joy/main-features/color-inversion/ColorInversionSkip.js;docs/data/joy/main-features/color-inversion/ColorInversionSkip.tsx;docs/data/joy/main-features/color-inversion/ColorInversionSurface.js;docs/data/joy/main-features/color-inversion/ColorInversionSurface.tsx;docs/data/joy/main-features/color-inversion/ColorInversionSurface.tsx.preview;docs/data/joy/main-features/color-inversion/color-inversion.md;packages/mui-joy/src/AccordionGroup/AccordionGroup.tsx;packages/mui-joy/src/Alert/Alert.tsx;packages/mui-joy/src/AspectRatio/AspectRatio.tsx;packages/mui-joy/src/Autocomplete/Autocomplete.tsx;packages/mui-joy/src/AutocompleteListbox/AutocompleteListbox.tsx;packages/mui-joy/src/AutocompleteOption/AutocompleteOption.tsx;packages/mui-joy/src/Avatar/Avatar.tsx;packages/mui-joy/src/Badge/Badge.tsx;packages/mui-joy/src/Button/Button.tsx;packages/mui-joy/src/ButtonGroup/ButtonGroup.tsx;packages/mui-joy/src/Card/Card.tsx;packages/mui-joy/src/CardOverflow/CardOverflow.tsx;packages/mui-joy/src/Checkbox/Checkbox.tsx;packages/mui-joy/src/Chip/Chip.tsx;packages/mui-joy/src/ChipDelete/ChipDelete.tsx;packages/mui-joy/src/CircularProgress/CircularProgress.tsx;packages/mui-joy/src/DialogTitle/DialogTitle.tsx;packages/mui-joy/src/Drawer/Drawer.tsx;packages/mui-joy/src/FormControl/FormControl.tsx;packages/mui-joy/src/IconButton/IconButton.tsx;packages/mui-joy/src/Input/Input.tsx;packages/mui-joy/src/Input/InputProps.ts;packages/mui-joy/src/LinearProgress/LinearProgress.tsx;packages/mui-joy/src/Link/Link.tsx;packages/mui-joy/src/List/List.tsx;packages/mui-joy/src/ListItem/ListItem.tsx;packages/mui-joy/src/ListItemButton/ListItemButton.tsx;packages/mui-joy/src/ListSubheader/ListSubheader.tsx;packages/mui-joy/src/ListSubheader/ListSubheaderProps.ts;packages/mui-joy/src/Menu/Menu.tsx;packages/mui-joy/src/MenuButton/MenuButton.tsx;packages/mui-joy/src/MenuItem/MenuItem.tsx;packages/mui-joy/src/MenuList/MenuList.tsx;packages/mui-joy/src/ModalClose/ModalClose.tsx;packages/mui-joy/src/ModalDialog/ModalDialog.tsx;packages/mui-joy/src/Option/Option.tsx;packages/mui-joy/src/Radio/Radio.tsx;packages/mui-joy/src/Select/Select.tsx;packages/mui-joy/src/Select/SelectProps.ts;packages/mui-joy/src/Sheet/Sheet.tsx;packages/mui-joy/src/Slider/Slider.tsx;packages/mui-joy/src/SvgIcon/SvgIcon.tsx;packages/mui-joy/src/Switch/Switch.tsx;packages/mui-joy/src/Tab/Tab.tsx;packages/mui-joy/src/TabList/TabList.tsx;packages/mui-joy/src/TabPanel/TabPanel.tsx;packages/mui-joy/src/Table/Table.tsx;packages/mui-joy/src/Tabs/Tabs.tsx;packages/mui-joy/src/Textarea/Textarea.tsx;packages/mui-joy/src/Textarea/TextareaProps.ts;packages/mui-joy/src/Tooltip/Tooltip.tsx;packages/mui-joy/src/Typography/Typography.tsx;packages/mui-joy/src/colorInversion/colorInversionUtils.spec.tsx;packages/mui-joy/src/colorInversion/colorInversionUtils.ts;packages/mui-joy/src/colorInversion/index.ts;packages/mui-joy/src/styles/ColorInversion.tsx;packages/mui-joy/src/styles/CssVarsProvider.tsx;packages/mui-joy/src/styles/extendTheme.spec.ts;packages/mui-joy/src/styles/extendTheme.ts;packages/mui-joy/src/styles/index.ts;packages/mui-joy/src/styles/shouldSkipGeneratingVar.ts;packages/mui-joy/src/styles/types/colorSystem.ts;packages/mui-joy/src/styles/types/theme.ts;packages/mui-joy/src/styles/types/variants.ts;packages/mui-joy/src/styles/variantUtils.ts;packages/mui-joy/src/utils/useSlot.ts
mui__material-ui-38801	ts	mui/material-ui	medium	a731e863cb13c83f4d6b9b4c7dd3633fad8f1ed4	38	docs/data/joy/components/snackbar/CustomAnimatedSnackbar.js;docs/data/joy/components/snackbar/CustomAnimatedSnackbar.tsx;docs/data/joy/components/snackbar/PositionedSnackbar.js;docs/data/joy/components/snackbar/PositionedSnackbar.tsx;docs/data/joy/components/snackbar/PositionedSnackbar.tsx.preview;docs/data/joy/components/snackbar/SnackbarCloseReason.js;docs/data/joy/components/snackbar/SnackbarCloseReason.tsx;docs/data/joy/components/snackbar/SnackbarColors.js;docs/data/joy/components/snackbar/SnackbarColors.tsx;docs/data/joy/components/snackbar/SnackbarHideDuration.js;docs/data/joy/components/snackbar/SnackbarHideDuration.tsx;docs/data/joy/components/snackbar/SnackbarInvertedColors.js;docs/data/joy/components/snackbar/SnackbarInvertedColors.tsx;docs/data/joy/components/snackbar/SnackbarSizes.js;docs/data/joy/components/snackbar/SnackbarSizes.tsx;docs/data/joy/components/snackbar/SnackbarUsage.js;docs/data/joy/components/snackbar/SnackbarVariants.js;docs/data/joy/components/snackbar/SnackbarVariants.tsx;docs/data/joy/components/snackbar/SnackbarWithDecorators.js;docs/data/joy/components/snackbar/SnackbarWithDecorators.tsx;docs/data/joy/components/snackbar/snackbar.md;docs/data/joy/pages.ts;docs/data/joy/pagesApi.js;docs/pages/base-ui/api/snackbar.json;docs/pages/joy-ui/api/snackbar.js;docs/pages/joy-ui/api/snackbar.json;docs/src/modules/components/JoyUsageDemo.tsx;docs/translations/api-docs-joy/snackbar/snackbar.json;packages/mui-base/src/Snackbar/Snackbar.tsx;packages/mui-joy/src/Snackbar/Snackbar.tsx;packages/mui-joy/src/Snackbar/SnackbarProps.ts;packages/mui-joy/src/Snackbar/index.ts;packages/mui-joy/src/Snackbar/snackbarClasses.ts;packages/mui-joy/src/index.ts;packages/mui-joy/src/styles/components.d.ts;packages/mui-joy/src/styles/extendTheme.spec.ts;packages/mui-joy/src/styles/extendTheme.ts;packages/mui-joy/src/styles/types/zIndex.ts
mui__material-ui-38788	ts	mui/material-ui	medium	5047813ad0927fc040eca65d484ef4d6a8c8e9ec	1	packages/mui-base/src/useAutocomplete/useAutocomplete.js
mui__material-ui-36971	ts	mui/material-ui	hard	be6b6e2bc479473853ea2ecd367cd1a46c728ad9	7	docs/data/material/components/autocomplete/GloballyCustomizedOptions.js;docs/data/material/components/autocomplete/GloballyCustomizedOptions.tsx;docs/data/material/components/autocomplete/GloballyCustomizedOptions.tsx.preview;docs/data/material/components/autocomplete/autocomplete.md;docs/translations/api-docs/autocomplete/autocomplete.json;packages/mui-material/src/Autocomplete/Autocomplete.d.ts;packages/mui-material/src/Autocomplete/Autocomplete.js
mui__material-ui-36659	ts	mui/material-ui	medium	0ba283880545390fc6408e408dcde93ed5de178c	1	packages/mui-base/src/useAutocomplete/useAutocomplete.js
mui__material-ui-36399	ts	mui/material-ui	hard	fe7ac373c763867a0eb1eb5be8da09b303d9e417	5	docs/data/material/components/grid2/grid2.md;packages/mui-system/src/Unstable_Grid/GridProps.ts;packages/mui-system/src/Unstable_Grid/createGrid.tsx;packages/mui-system/src/Unstable_Grid/gridGenerator.ts;packages/mui-system/src/createStyled.js
mui__material-ui-36024	ts	mui/material-ui	hard	910d3a4ca46c6f79b7b5507c35532774c38460d2	4	docs/data/material/components/selects/selects.md;packages/mui-material/src/ListSubheader/ListSubheader.js;packages/mui-material/src/MenuList/MenuList.js;packages/mui-material/src/Select/SelectInput.js
mui__material-ui-35838	ts	mui/material-ui	easy	0198612f091c8d52310717106f234c81199d4d35	1	packages/mui-base/src/ListboxUnstyled/useListbox.ts
mui__material-ui-35477	ts	mui/material-ui	medium	e195455738a9de164d1f9766de96213b83dd6623	1	packages/mui-utils/src/resolveProps.ts
mui__material-ui-35178	ts	mui/material-ui	hard	1ea442da69a48694c3880e1302cfc10eb85e93eb	3	packages/mui-material/src/styles/experimental_extendTheme.js;packages/mui-system/src/colorManipulator.d.ts;packages/mui-system/src/colorManipulator.js
mui__material-ui-35047	ts	mui/material-ui	easy	43408b10ef81ff885c3ad69bd1c9df21680960d4	1	packages/mui-material/src/Select/SelectInput.js
mui__material-ui-34401	ts	mui/material-ui	hard	d35d22994887bd83517a99cc8125ad97c402223a	152	.eslintrc.js;.github/CODEOWNERS;docs/data/base/components/badge/badge.md;docs/data/base/components/button/UseButton.js;docs/data/base/components/button/UseButton.tsx;docs/data/base/components/button/button.md;docs/data/base/components/form-control/BasicFormControl.tsx;docs/data/base/components/form-control/form-control.md;docs/data/base/components/input/UseInput.js;docs/data/base/components/input/UseInput.tsx;docs/data/base/components/input/input.md;docs/data/base/components/menu/UseMenu.js;docs/data/base/components/menu/UseMenu.tsx;docs/data/base/components/menu/menu.md;docs/data/base/components/select/UnstyledSelectCustomRenderValue.js;docs/data/base/components/select/UnstyledSelectCustomRenderValue.tsx;docs/data/base/components/select/UnstyledSelectObjectValuesForm.js;docs/data/base/components/select/UnstyledSelectObjectValuesForm.tsx;docs/data/base/components/select/UseSelect.js;docs/data/base/components/select/UseSelect.tsx;docs/data/base/components/select/select.md;docs/data/base/components/slider/slider.md;docs/data/base/components/switch/UseSwitchesBasic.js;docs/data/base/components/switch/UseSwitchesBasic.tsx;docs/data/base/components/switch/UseSwitchesCustom.js;docs/data/base/components/switch/UseSwitchesCustom.tsx;docs/data/base/components/switch/switch.md;docs/data/base/getting-started/customization/StylingHooks.js;docs/data/base/getting-started/customization/StylingHooks.tsx;docs/data/material/components/autocomplete/CustomizedHook.js;docs/data/material/components/autocomplete/CustomizedHook.tsx;docs/data/material/components/autocomplete/UseAutocomplete.js;docs/data/material/components/autocomplete/UseAutocomplete.tsx;docs/data/material/components/autocomplete/autocomplete.md;docs/pages/blog/2021-q3-update.md;packages/mui-base/src/AutocompleteUnstyled/index.js;packages/mui-base/src/BadgeUnstyled/BadgeUnstyled.tsx;packages/mui-base/src/BadgeUnstyled/index.ts;packages/mui-base/src/ButtonUnstyled/ButtonUnstyled.tsx;packages/mui-base/src/ButtonUnstyled/ButtonUnstyled.types.ts;packages/mui-base/src/ButtonUnstyled/index.ts;packages/mui-base/src/InputUnstyled/InputUnstyled.tsx;packages/mui-base/src/InputUnstyled/InputUnstyled.types.ts;packages/mui-base/src/InputUnstyled/index.ts;packages/mui-base/src/MenuItemUnstyled/MenuItemUnstyled.tsx;packages/mui-base/src/MenuItemUnstyled/index.tsx;packages/mui-base/src/MenuUnstyled/MenuUnstyled.tsx;packages/mui-base/src/MenuUnstyled/MenuUnstyled.types.ts;packages/mui-base/src/MenuUnstyled/MenuUnstyledContext.ts;packages/mui-base/src/MenuUnstyled/index.tsx;packages/mui-base/src/MultiSelectUnstyled/MultiSelectUnstyled.tsx;packages/mui-base/src/MultiSelectUnstyled/MultiSelectUnstyled.types.ts;packages/mui-base/src/OptionUnstyled/OptionUnstyled.tsx;packages/mui-base/src/OptionUnstyled/OptionUnstyled.types.ts;packages/mui-base/src/SelectUnstyled/SelectUnstyled.tsx;packages/mui-base/src/SelectUnstyled/SelectUnstyled.types.ts;packages/mui-base/src/SelectUnstyled/SelectUnstyledContext.ts;packages/mui-base/src/SelectUnstyled/index.ts;packages/mui-base/src/SelectUnstyled/utils.tsx;packages/mui-base/src/SliderUnstyled/SliderUnstyled.js;packages/mui-base/src/SliderUnstyled/SliderUnstyled.types.ts;packages/mui-base/src/SliderUnstyled/index.d.ts;packages/mui-base/src/SliderUnstyled/index.js;packages/mui-base/src/SwitchUnstyled/SwitchUnstyled.tsx;packages/mui-base/src/SwitchUnstyled/SwitchUnstyled.types.ts;packages/mui-base/src/SwitchUnstyled/index.ts;packages/mui-base/src/TabPanelUnstyled/TabPanelUnstyled.tsx;packages/mui-base/src/TabPanelUnstyled/TabPanelUnstyled.types.ts;packages/mui-base/src/TabPanelUnstyled/index.ts;packages/mui-base/src/TabUnstyled/TabUnstyled.tsx;packages/mui-base/src/TabUnstyled/TabUnstyled.types.ts;packages/mui-base/src/TabUnstyled/index.ts;packages/mui-base/src/TabsListUnstyled/TabsListUnstyled.tsx;packages/mui-base/src/TabsListUnstyled/TabsListUnstyled.types.ts;packages/mui-base/src/TabsListUnstyled/index.ts;packages/mui-base/src/TabsUnstyled/TabsUnstyled.tsx;packages/mui-base/src/TabsUnstyled/index.ts;packages/mui-base/src/index.d.ts;packages/mui-base/src/index.js;packages/mui-base/src/AutocompleteUnstyled/index.d.ts;packages/mui-base/src/useAutocomplete/index.js;packages/mui-base/src/AutocompleteUnstyled/useAutocomplete.d.ts;packages/mui-base/src/AutocompleteUnstyled/useAutocomplete.js;packages/mui-base/src/AutocompleteUnstyled/useAutocomplete.spec.ts;packages/mui-base/src/useBadge/index.ts;packages/mui-base/src/BadgeUnstyled/useBadge.ts;packages/mui-base/src/useButton/index.ts;packages/mui-base/src/ButtonUnstyled/useButton.ts;packages/mui-base/src/ButtonUnstyled/useButton.types.ts;packages/mui-base/src/useInput/index.ts;packages/mui-base/src/InputUnstyled/useInput.ts;packages/mui-base/src/InputUnstyled/useInput.types.ts;packages/mui-base/src/ListboxUnstyled/defaultListboxReducer.ts;packages/mui-base/src/ListboxUnstyled/index.ts;packages/mui-base/src/ListboxUnstyled/useControllableReducer.ts;packages/mui-base/src/ListboxUnstyled/useListbox.ts;packages/mui-base/src/ListboxUnstyled/useListbox.types.ts;packages/mui-base/src/useMenu/index.ts;packages/mui-base/src/MenuUnstyled/useMenu.ts;packages/mui-base/src/MenuUnstyled/useMenu.types.ts;packages/mui-base/src/useMenuItem/index.ts;packages/mui-base/src/MenuItemUnstyled/useMenuItem.ts;packages/mui-base/src/MenuItemUnstyled/useMenuItem.types.ts;packages/mui-base/src/SelectUnstyled/defaultOptionStringifier.ts;packages/mui-base/src/useSelect/index.ts;packages/mui-base/src/SelectUnstyled/useSelect.ts;packages/mui-base/src/SelectUnstyled/useSelect.types.ts;packages/mui-base/src/useSlider/index.ts;packages/mui-base/src/SliderUnstyled/useSlider.ts;packages/mui-base/src/SliderUnstyled/useSlider.types.ts;packages/mui-base/src/useSwitch/index.ts;packages/mui-base/src/SwitchUnstyled/useSwitch.ts;packages/mui-base/src/SwitchUnstyled/useSwitch.types.ts;packages/mui-base/src/useTab/index.ts;packages/mui-base/src/TabUnstyled/useTab.ts;packages/mui-base/src/TabUnstyled/useTab.types.ts;packages/mui-base/src/useTabPanel/index.ts;packages/mui-base/src/TabPanelUnstyled/useTabPanel.ts;packages/mui-base/src/TabPanelUnstyled/useTabPanel.types.ts;packages/mui-base/src/useTabs/index.ts;packages/mui-base/src/TabsUnstyled/useTabs.ts;packages/mui-base/src/useTabsList/index.ts;packages/mui-base/src/TabsListUnstyled/useTabsList.ts;packages/mui-base/src/TabsListUnstyled/useTabsList.types.ts;packages/mui-joy/src/Button/Button.tsx;packages/mui-joy/src/Checkbox/Checkbox.tsx;packages/mui-joy/src/Checkbox/CheckboxProps.ts;packages/mui-joy/src/IconButton/IconButton.tsx;packages/mui-joy/src/Input/useForwardedInput.ts;packages/mui-joy/src/ListItemButton/ListItemButton.tsx;packages/mui-joy/src/Menu/Menu.tsx;packages/mui-joy/src/MenuItem/MenuItem.tsx;packages/mui-joy/src/MenuList/MenuList.tsx;packages/mui-joy/src/ModalClose/ModalClose.tsx;packages/mui-joy/src/Option/OptionProps.ts;packages/mui-joy/src/Radio/Radio.tsx;packages/mui-joy/src/Radio/RadioProps.ts;packages/mui-joy/src/Select/Select.tsx;packages/mui-joy/src/Select/SelectProps.ts;packages/mui-joy/src/Slider/Slider.tsx;packages/mui-joy/src/Switch/Switch.tsx;packages/mui-joy/src/Switch/SwitchProps.ts;packages/mui-joy/src/Tab/Tab.tsx;packages/mui-joy/src/TabList/TabList.tsx;packages/mui-joy/src/TabPanel/TabPanel.tsx;packages/mui-joy/src/Tabs/Tabs.tsx;packages/mui-material-next/src/Button/Button.js;packages/mui-material-next/src/Tab/Tab.js;packages/mui-material-next/src/Tabs/Tabs.js;packages/mui-material-next/src/Tabs/TabsList.js;packages/mui-material/src/useAutocomplete/useAutocomplete.d.ts;packages/mui-material/src/useAutocomplete/useAutocomplete.js
mui__material-ui-34245	ts	mui/material-ui	medium	7e7435ad08ba02a0e1d8d8676a519b8ded634149	1	packages/mui-material/src/Fab/Fab.js
mui__material-ui-34229	ts	mui/material-ui	medium	fa62bf35e109ede215cb8cbae66ba4d6a30fef60	1	packages/mui-material/src/Select/SelectInput.js
mui__material-ui-34159	ts	mui/material-ui	easy	43a929dda5a0776bcc05f4624a5648441d44c7b2	1	packages/mui-material/src/ListItemButton/ListItemButton.js
mui__material-ui-34158	ts	mui/material-ui	hard	d88ab9ebdc63157a7efcf582e65d4f6c58e5f576	20	docs/data/base/components/select/UnstyledSelectControlled.js;docs/data/base/components/select/UnstyledSelectControlled.tsx;docs/data/base/components/select/UnstyledSelectControlled.tsx.preview;docs/data/base/components/select/UnstyledSelectObjectValues.js;docs/data/base/components/select/UnstyledSelectObjectValues.tsx;docs/data/base/components/select/UnstyledSelectObjectValues.tsx.preview;docs/data/base/components/select/UnstyledSelectObjectValuesForm.js;docs/data/base/components/select/UnstyledSelectObjectValuesForm.tsx;docs/data/joy/components/select/SelectClearable.js;docs/data/joy/components/select/SelectFieldDemo.js;docs/data/joy/components/select/SelectUsage.js;packages/mui-base/src/ListboxUnstyled/useControllableReducer.ts;packages/mui-base/src/ListboxUnstyled/useListbox.ts;packages/mui-base/src/ListboxUnstyled/useListbox.types.ts;packages/mui-base/src/MultiSelectUnstyled/MultiSelectUnstyled.types.ts;packages/mui-base/src/SelectUnstyled/SelectUnstyled.types.ts;packages/mui-base/src/SelectUnstyled/useSelect.ts;packages/mui-base/src/SelectUnstyled/useSelect.types.ts;packages/mui-joy/src/Select/Select.spec.tsx;packages/mui-joy/src/Select/SelectProps.ts
mui__material-ui-33863	ts	mui/material-ui	hard	9f7a2bfac55faed1b1c6c7b4b6d1b1659a076bab	10	docs/pages/material-ui/api/tab-scroll-button.json;docs/pages/material-ui/api/tabs.json;docs/translations/api-docs/tab-scroll-button/tab-scroll-button.json;docs/translations/api-docs/tabs/tabs.json;packages/mui-material/src/TabScrollButton/TabScrollButton.d.ts;packages/mui-material/src/TabScrollButton/TabScrollButton.js;packages/mui-material/src/TabScrollButton/TabScrollButton.spec.tsx;packages/mui-material/src/Tabs/Tabs.d.ts;packages/mui-material/src/Tabs/Tabs.js;packages/mui-material/src/Tabs/Tabs.spec.tsx
mui__material-ui-33812	ts	mui/material-ui	hard	e59262926c473fa1f6356f3ad150a9ca82e4ae0c	6	docs/pages/material-ui/api/breadcrumbs.json;docs/translations/api-docs/breadcrumbs/breadcrumbs.json;packages/mui-material/src/Breadcrumbs/BreadcrumbCollapsed.js;packages/mui-material/src/Breadcrumbs/Breadcrumbs.d.ts;packages/mui-material/src/Breadcrumbs/Breadcrumbs.js;packages/mui-material/src/Breadcrumbs/Breadcrumbs.spec.tsx
mui__material-ui-33582	ts	mui/material-ui	hard	b2e1f01ef7d2433c92829dffd30e4ba484bd3d4f	4	docs/pages/material-ui/api/alert.json;docs/translations/api-docs/alert/alert.json;packages/mui-material/src/Alert/Alert.d.ts;packages/mui-material/src/Alert/Alert.js
mui__material-ui-32987	ts	mui/material-ui	medium	67186bfbce12163569f9e5a9c94d7ff2dd33f6fd	1	packages/mui-material/src/Dialog/Dialog.js
mui__material-ui-32185	ts	mui/material-ui	medium	c406cd6f89dcab6a223dbe77d833bc947ff64fdb	4	packages/mui-base/src/BadgeUnstyled/BadgeUnstyled.js;packages/mui-base/src/BadgeUnstyled/badgeUnstyledClasses.ts;packages/mui-base/src/BadgeUnstyled/index.js;packages/mui-material/src/Badge/Badge.js
mui__material-ui-32182	ts	mui/material-ui	medium	c406cd6f89dcab6a223dbe77d833bc947ff64fdb	1	packages/mui-material/src/Link/Link.js
mui__material-ui-30899	ts	mui/material-ui	easy	171942ce6e9f242900928620610a794daf8e559c	4	packages/mui-base/src/BadgeUnstyled/BadgeUnstyled.js;packages/mui-base/src/BadgeUnstyled/BadgeUnstyledProps.ts;packages/mui-base/src/BadgeUnstyled/useBadge.ts;packages/mui-material/src/Badge/Badge.js
mui__material-ui-30788	ts	mui/material-ui	medium	e47f22b9ea22bb61b10b6bbd0789781a779eb529	1	packages/mui-material/src/Select/Select.js
mui__material-ui-30333	ts	mui/material-ui	medium	e47f22b9ea22bb61b10b6bbd0789781a779eb529	1	packages/mui-material/src/Grid/Grid.js
mui__material-ui-29901	ts	mui/material-ui	hard	e4618dc8abd01a9214a2b6faafdadae3d5f54d20	12	docs/scripts/buildApi.ts;packages/mui-base/src/generateUtilityClass/ClassNameGenerator.ts;packages/mui-base/src/generateUtilityClass/ClassNameGenerator.tsx;packages/mui-base/src/generateUtilityClass/generateUtilityClass.ts;packages/mui-base/src/index.d.ts;packages/mui-base/src/index.js;packages/mui-material/src/ListItem/ListItem.js;packages/mui-material/src/ListItem/listItemClasses.ts;packages/mui-material/src/ListItemButton/ListItemButton.js;packages/mui-material/src/ListItemButton/listItemButtonClasses.ts;packages/mui-material/src/utils/index.d.ts;packages/mui-material/src/utils/index.js
mui__material-ui-29880	ts	mui/material-ui	medium	0d94283959a3aa016881b9644767b937c34d2807	1	packages/mui-material/src/Grid/Grid.js
mui__material-ui-26186	ts	mui/material-ui	hard	8ef7d1cbfbbb03e27addf356f0e7d57033b4ef0b	14	docs/pages/api-docs/native-select.json;docs/pages/api-docs/select.json;docs/src/pages/guides/migration-v4/migration-v4.md;docs/translations/api-docs/native-select/native-select.json;docs/translations/api-docs/select/select.json;packages/material-ui/src/NativeSelect/NativeSelect.d.ts;packages/material-ui/src/NativeSelect/NativeSelect.js;packages/material-ui/src/NativeSelect/NativeSelectInput.js;packages/material-ui/src/NativeSelect/nativeSelectClasses.js;packages/material-ui/src/Select/Select.d.ts;packages/material-ui/src/Select/Select.js;packages/material-ui/src/Select/SelectInput.js;packages/material-ui/src/Select/selectClasses.js;packages/material-ui/src/TablePagination/TablePagination.js
mui__material-ui-26173	ts	mui/material-ui	medium	205258b56faf4ac8096d10b62e22458dab52fb8e	8	docs/pages/api-docs/autocomplete.json;docs/src/pages/components/autocomplete/Asynchronous.js;docs/src/pages/components/autocomplete/Asynchronous.tsx;docs/src/pages/guides/migration-v4/migration-v4.md;docs/translations/api-docs/autocomplete/autocomplete.json;packages/material-ui/src/Autocomplete/Autocomplete.js;packages/material-ui/src/useAutocomplete/useAutocomplete.d.ts;packages/material-ui/src/useAutocomplete/useAutocomplete.js
mui__material-ui-25825	ts	mui/material-ui	medium	d687a88c1f4377b848730782890823c59de996e5	1	packages/material-ui/src/styles/colorManipulator.js
mui__material-ui-25637	ts	mui/material-ui	easy	d2e00769d0322dc911dd6237e30ab592aa02cad9	1	packages/material-ui-styles/src/getStylesCreator/getStylesCreator.js
mui__material-ui-25431	ts	mui/material-ui	easy	c3aab53e78396e944a6e36348057a9f0df3ec762	4	docs/pages/api-docs/snackbar.json;docs/src/modules/utils/generatePropTypeDescription.ts;packages/material-ui/src/Snackbar/Snackbar.js;packages/typescript-to-proptypes/src/generator.ts
mui__material-ui-25259	ts	mui/material-ui	medium	fe2632d1eb87f0b544be104aa89d06f6a2a64e23	2	packages/material-ui/src/SpeedDial/SpeedDial.js;packages/material-ui/src/SpeedDialAction/SpeedDialAction.js
mui__material-ui-24794	ts	mui/material-ui	medium	f0e657bcd52071fb11b27437053ee6110a69b285	16	docs/src/pages/guides/migration-v4/migration-v4.md;docs/src/pages/system/grid/Gap.js;docs/src/pages/system/grid/Gap.tsx;docs/src/pages/system/grid/GridAutoColumns.js;docs/src/pages/system/grid/GridAutoColumns.tsx;docs/src/pages/system/grid/GridAutoFlow.js;docs/src/pages/system/grid/GridAutoFlow.tsx;docs/src/pages/system/grid/GridAutoRows.js;docs/src/pages/system/grid/GridAutoRows.tsx;docs/src/pages/system/grid/GridTemplateAreas.js;docs/src/pages/system/grid/GridTemplateAreas.tsx;docs/src/pages/system/grid/RowAndColumnGap.js;docs/src/pages/system/grid/RowAndColumnGap.tsx;docs/src/pages/system/grid/grid.md;packages/material-ui-system/src/borders.js;packages/material-ui-system/src/grid.js
mui__material-ui-24202	ts	mui/material-ui	easy	984645eb1a765abbf39a4f61dad0d21a6e518ee3	2	docs/pages/api-docs/autocomplete.json;packages/material-ui/src/Autocomplete/Autocomplete.js
mui__material-ui-23487	ts	mui/material-ui	medium	5115f08e29babb11481a190d68e7fd045f3ce804	3	docs/src/pages/components/autocomplete/autocomplete.md;packages/material-ui/src/SwipeableDrawer/SwipeableDrawer.js;packages/material-ui/src/useAutocomplete/useAutocomplete.js
mui__material-ui-23073	ts	mui/material-ui	hard	754e29cf5a712d0e0f6bd3e54f80e9997659f68c	3	packages/material-ui/src/MenuItem/MenuItem.js;packages/material-ui/src/MenuList/MenuList.js;packages/material-ui/src/MenuList/MenuListContext.js
