Kong__insomnia-7734	Kong/insomnia	packages/insomnia/src/utils/importers/importers/openapi-3.ts	packages/insomnia-importers/src/importers/openapi-3.ts	2	1	0	1daac5cd8e68	23b42a2eae15
anuraghazra__github-readme-stats-1314	anuraghazra/github-readme-stats	src/cards/repo-card.js	src/renderRepoCard.js	2	1	0	d15ed8d29150	b0203facb140
anuraghazra__github-readme-stats-1378	anuraghazra/github-readme-stats	src/cards/repo-card.js	src/renderRepoCard.js	2	1	0	d15ed8d29150	b0203facb140
anuraghazra__github-readme-stats-721	anuraghazra/github-readme-stats	src/cards/stats-card.js	src/renderStatsCard.js	2	1	0	d15ed8d29150	c5b957a1c228
axios__axios-5919	axios/axios	lib/defaults/index.js	lib/defaults.js	1	1	0	a7c768ac96ab	32a9998880ff
iamkun__dayjs-337	iamkun/dayjs	README.md	ReadMe.md	0	1	0	8df2774b7ad6	2f608a115942
iamkun__dayjs-556	iamkun/dayjs	src/plugin/advancedFormat/index.js	src/plugin/advancedFormat.js	0	1	0	8cdf68adb45d	c2a3933fb39a
mui__material-ui-23487	mui/material-ui	packages/material-ui/src/useAutocomplete/useAutocomplete.js	packages/material-ui-lab/src/useAutocomplete/useAutocomplete.js	1	1	0	f097a13d1497	92a38c52b9c9
mui__material-ui-23884	mui/material-ui	packages/material-ui/src/useAutocomplete/useAutocomplete.js	packages/material-ui-lab/src/useAutocomplete/useAutocomplete.js	1	1	0	f097a13d1497	92a38c52b9c9
mui__material-ui-24205	mui/material-ui	packages/material-ui-lab/src/DateRangePicker/DateRangePickerViewMobile.tsx	packages/pickers/lib/src/DateRangePicker/DateRangePickerViewMobile.tsx	2	1	0	f5e5ae0e99aa	37cb0e65a72c
mui__material-ui-24213	mui/material-ui	packages/material-ui/src/useAutocomplete/useAutocomplete.js	packages/material-ui-lab/src/useAutocomplete/useAutocomplete.js	1	1	0	f097a13d1497	92a38c52b9c9
mui__material-ui-31313	mui/material-ui	packages/mui-base/src/AutocompleteUnstyled/useAutocomplete.js	packages/mui-core/src/AutocompleteUnstyled/useAutocomplete.js	1	1	0	7b841f864169	9cffb10e6cff
mui__material-ui-32182	mui/material-ui	packages/mui-material/src/Link/Link.js	packages/material-ui/src/Link/Link.js	2	1	0	dbcb91951f85	5bc4a37c6c1e
mui__material-ui-32713	mui/material-ui	packages/mui-material/src/styles/createMixins.js	packages/material-ui/src/styles/createMixins.js	2	1	0	c9322e2da886	3e93208b4976
mui__material-ui-33777	mui/material-ui	docs/data/material/customization/density/DensityTool.js	docs/src/pages/customization/density/DensityTool.js	0	1	0	0de3af1f1c55	e66825d6d8c2
mui__material-ui-33801	mui/material-ui	docs/pages/material-ui/api/chip.json	docs/pages/material/api/chip.json	2	1	0	35c927bb8353	deda31d8825f
mui__material-ui-33820	mui/material-ui	docs/pages/material-ui/api/icon-button.json	docs/pages/material/api/icon-button.json	2	1	0	46c9360ebf2d	7da7eec90b4b
mui__material-ui-33873	mui/material-ui	packages/mui-base/src/InputUnstyled/InputUnstyled.types.ts	packages/mui-base/src/InputUnstyled/InputUnstyledProps.ts	2	1	0	6435f6c4611a	02c68ce3ee44
mui__material-ui-35178	mui/material-ui	packages/mui-system/src/colorManipulator.d.ts	packages/material-ui-system/src/colorManipulator.d.ts	2	1	0	4692ae8668e6	9ae8d6193af9
mui__material-ui-35410	mui/material-ui	packages/mui-base/src/ButtonUnstyled/useButton.ts	packages/mui-core/src/ButtonUnstyled/useButton.ts	2	1	0	bd665f2fe432	ec9b338dd80f
mui__material-ui-36056	mui/material-ui	docs/data/material/components/use-media-query/use-media-query.md	docs/src/pages/components/use-media-query/use-media-query.md	2	1	0	fbbc8d6891f1	5aacdac8f3a4
mui__material-ui-36116	mui/material-ui	packages/mui-base/src/AutocompleteUnstyled/useAutocomplete.js	packages/mui-core/src/AutocompleteUnstyled/useAutocomplete.js	1	1	0	7b841f864169	9cffb10e6cff
mui__material-ui-36659	mui/material-ui	packages/mui-base/src/useAutocomplete/useAutocomplete.js	packages/mui-base/src/AutocompleteUnstyled/useAutocomplete.js	1	1	0	befc96066b86	fd802aed013f
mui__material-ui-37070	mui/material-ui	packages/mui-system/src/Unstable_Grid/createGrid.tsx	packages/mui-system/src/Grid/createGrid.tsx	2	1	0	d495ee383a7c	147d67c592c1
mui__material-ui-37141	mui/material-ui	packages/mui-base/src/useSelect/useSelect.ts	packages/mui-base/src/SelectUnstyled/useSelect.ts	2	1	0	99599ba200b0	67926c496bab
mui__material-ui-38788	mui/material-ui	packages/mui-base/src/useAutocomplete/useAutocomplete.js	packages/mui-base/src/AutocompleteUnstyled/useAutocomplete.js	1	1	0	befc96066b86	fd802aed013f
mui__material-ui-39196	mui/material-ui	docs/data/system/spacing/spacing.md	docs/src/pages/system/spacing/spacing.md	2	1	0	209978dee950	faec194233d1
sveltejs__svelte-11251	sveltejs/svelte	packages/svelte/src/internal/client/dom/elements/transitions.js	packages/svelte/src/internal/client/transitions.js	2	1	0	c61b7905fa8a	b0897bb64070
sveltejs__svelte-12098	sveltejs/svelte	packages/svelte/src/internal/client/dom/blocks/each.js	packages/svelte/src/internal/client/each.js	2	1	0	326e59bb64d3	e5d97f8e0639
sveltejs__svelte-12376	sveltejs/svelte	packages/svelte/src/internal/client/reactivity/effects.js	packages/svelte/src/internal/client/reactivity/computations.js	2	1	0	305a9cba2f8f	67679497f9f5
sveltejs__svelte-12460	sveltejs/svelte	packages/svelte/src/internal/client/dom/elements/transitions.js	packages/svelte/src/internal/client/transitions.js	2	1	0	c61b7905fa8a	b0897bb64070
sveltejs__svelte-12474	sveltejs/svelte	packages/svelte/messages/compile-errors/style.md	packages/svelte/messages/compile-errors/css.md	0	1	0	64318d0d38a3	7f73903c64ab
sveltejs__svelte-13008	sveltejs/svelte	packages/svelte/src/internal/client/proxy.js	packages/svelte/src/internal/client/proxy/proxy.js	2	1	0	4861229bc313	2c0752060fe0
sveltejs__svelte-13026	sveltejs/svelte	packages/svelte/src/internal/client/proxy.js	packages/svelte/src/internal/client/proxy/proxy.js	2	1	0	4861229bc313	2c0752060fe0
sveltejs__svelte-13097	sveltejs/svelte	packages/svelte/src/compiler/phases/1-parse/state/element.js	packages/svelte/src/compiler/parse/state/tag.js	2	1	0	f40c085f67b8	a7ff8842214e
sveltejs__svelte-13175	sveltejs/svelte	packages/svelte/src/internal/client/proxy.js	packages/svelte/src/internal/client/proxy/proxy.js	2	1	0	4861229bc313	2c0752060fe0
sveltejs__svelte-13198	sveltejs/svelte	packages/svelte/src/compiler/phases/1-parse/state/element.js	packages/svelte/src/compiler/parse/state/tag.js	2	1	0	f40c085f67b8	a7ff8842214e
sveltejs__svelte-13411	sveltejs/svelte	packages/svelte/src/compiler/phases/2-analyze/visitors/shared/a11y.js	packages/svelte/src/compiler/phases/2-analyze/a11y.js	2	1	0	9b29e23848e2	06ce54e53cb7
sveltejs__svelte-13750	sveltejs/svelte	packages/svelte/src/compiler/phases/2-analyze/css/css-prune.js	packages/svelte/src/compiler/css/Selector.js	2	1	0	8e3eda52433b	b2610dc1c5e6
sveltejs__svelte-13774	sveltejs/svelte	packages/svelte/src/internal/client/reactivity/effects.js	packages/svelte/src/internal/client/reactivity/computations.js	2	1	0	305a9cba2f8f	67679497f9f5
sveltejs__svelte-14153	sveltejs/svelte	packages/svelte/src/compiler/phases/1-parse/remove_typescript_nodes.js	packages/svelte/src/compiler/phases/3-transform/typescript.js	2	1	0	a8baad3c0543	bed5179bf4bb
sveltejs__svelte-14276	sveltejs/svelte	packages/svelte/src/compiler/phases/2-analyze/css/utils.js	packages/svelte/src/compiler/css/utils.js	2	1	0	bd83151ce9f9	6789154683c2
sveltejs__svelte-14349	sveltejs/svelte	packages/svelte/src/internal/client/dom/elements/bindings/input.js	packages/svelte/src/internal/client/dom/bindings/input.js	2	1	0	2520b9155196	ba23fe7c10e9
sveltejs__svelte-14494	sveltejs/svelte	packages/svelte/src/compiler/phases/2-analyze/css/css-prune.js	packages/svelte/src/compiler/css/Selector.js	2	1	0	8e3eda52433b	b2610dc1c5e6
sveltejs__svelte-15020	sveltejs/svelte	packages/svelte/src/compiler/phases/1-parse/read/expression.js	packages/svelte/src/compiler/parse/read/expression.js	2	1	0	ae4aeaa900fa	64081609b931
sveltejs__svelte-15083	sveltejs/svelte	packages/svelte/src/utils.js	packages/svelte/src/compiler/phases/2-analyze/utils.js	2	1	0	5873dc239ecf	12649c7e407d
sveltejs__svelte-9328	sveltejs/svelte	packages/svelte/src/compiler/compile/render_dom/wrappers/Element/Attribute.js	src/compiler/compile/render_dom/wrappers/Element/Attribute.js	2	1	0	6cf13773334b	aa868d792c1b
vuejs__core-10522	vuejs/core	packages/compiler-sfc/src/style/pluginScoped.ts	packages/compiler-sfc/src/stylePluginScoped.ts	2	1	0	0ccf0fa1893b	d5c313bb8a06
vuejs__core-11854	vuejs/core	packages/compiler-sfc/src/style/pluginScoped.ts	packages/compiler-sfc/src/stylePluginScoped.ts	2	1	0	0ccf0fa1893b	d5c313bb8a06
vuejs__core-11899	vuejs/core	packages/compiler-sfc/src/style/pluginScoped.ts	packages/compiler-sfc/src/stylePluginScoped.ts	2	1	0	0ccf0fa1893b	d5c313bb8a06
