mui__material-ui-23884	none	3	invalid-ratelimit
mui__material-ui-23884	accurate	3	invalid-ratelimit
mui__material-ui-23884	stale	3	invalid-ratelimit
mui__material-ui-23884	none	4	invalid-ratelimit
mui__material-ui-23884	accurate	4	invalid-ratelimit
mui__material-ui-23884	stale	4	invalid-ratelimit
mui__material-ui-36116	none	2	invalid-ratelimit
mui__material-ui-36116	accurate	2	invalid-ratelimit
mui__material-ui-36116	stale	2	invalid-ratelimit
mui__material-ui-36116	none	3	invalid-ratelimit
mui__material-ui-36116	accurate	3	invalid-ratelimit
mui__material-ui-36116	stale	3	invalid-ratelimit
mui__material-ui-36116	none	4	invalid-ratelimit
mui__material-ui-36116	accurate	4	invalid-ratelimit
mui__material-ui-36116	stale	4	invalid-ratelimit
mui__material-ui-36659	none	2	invalid-ratelimit
mui__material-ui-36659	accurate	2	invalid-ratelimit
mui__material-ui-36659	stale	2	invalid-ratelimit
mui__material-ui-36659	none	3	invalid-ratelimit
mui__material-ui-36659	accurate	3	invalid-ratelimit
mui__material-ui-36659	stale	3	invalid-ratelimit
mui__material-ui-36659	none	4	invalid-ratelimit
mui__material-ui-36659	accurate	4	invalid-ratelimit
mui__material-ui-36659	stale	4	invalid-ratelimit
mui__material-ui-37141	none	3	invalid-ratelimit
mui__material-ui-37141	accurate	3	invalid-ratelimit
mui__material-ui-37141	stale	3	invalid-ratelimit
mui__material-ui-37141	none	4	invalid-ratelimit
mui__material-ui-37141	accurate	4	invalid-ratelimit
mui__material-ui-37141	stale	4	invalid-ratelimit
mui__material-ui-38788	none	3	invalid-ratelimit
mui__material-ui-38788	accurate	3	invalid-ratelimit
mui__material-ui-38788	stale	3	invalid-ratelimit
mui__material-ui-38788	none	4	invalid-ratelimit
mui__material-ui-38788	accurate	4	invalid-ratelimit
mui__material-ui-38788	stale	4	invalid-ratelimit
sveltejs__svelte-11251	none	3	invalid-ratelimit
sveltejs__svelte-11251	accurate	3	invalid-ratelimit
sveltejs__svelte-11251	stale	3	invalid-ratelimit
sveltejs__svelte-11251	none	4	invalid-ratelimit
sveltejs__svelte-11251	accurate	4	invalid-ratelimit
sveltejs__svelte-11251	stale	4	invalid-ratelimit
sveltejs__svelte-12098	none	2	invalid-ratelimit
sveltejs__svelte-12098	accurate	2	invalid-ratelimit
sveltejs__svelte-12098	stale	2	invalid-ratelimit
sveltejs__svelte-12098	none	3	invalid-ratelimit
sveltejs__svelte-12098	accurate	3	invalid-ratelimit
sveltejs__svelte-12098	stale	3	invalid-ratelimit
sveltejs__svelte-12098	none	4	invalid-ratelimit
sveltejs__svelte-12098	accurate	4	invalid-ratelimit
sveltejs__svelte-12098	stale	4	invalid-ratelimit
sveltejs__svelte-12376	none	2	invalid-ratelimit
sveltejs__svelte-12376	accurate	2	invalid-ratelimit
sveltejs__svelte-12376	stale	2	invalid-ratelimit
sveltejs__svelte-12376	none	3	invalid-ratelimit
sveltejs__svelte-12376	accurate	3	invalid-ratelimit
sveltejs__svelte-12376	stale	3	invalid-ratelimit
sveltejs__svelte-12376	none	4	invalid-ratelimit
sveltejs__svelte-12376	accurate	4	invalid-ratelimit
sveltejs__svelte-12376	stale	4	invalid-ratelimit
sveltejs__svelte-12460	none	2	invalid-ratelimit
sveltejs__svelte-12460	accurate	2	invalid-ratelimit
sveltejs__svelte-12460	stale	2	invalid-ratelimit
sveltejs__svelte-12460	none	3	invalid-ratelimit
sveltejs__svelte-12460	accurate	3	invalid-ratelimit
sveltejs__svelte-12460	stale	3	invalid-ratelimit
sveltejs__svelte-12460	none	4	invalid-ratelimit
sveltejs__svelte-12460	accurate	4	invalid-ratelimit
sveltejs__svelte-12460	stale	4	invalid-ratelimit
sveltejs__svelte-13008	none	2	invalid-ratelimit
sveltejs__svelte-13008	accurate	2	invalid-ratelimit
sveltejs__svelte-13008	stale	2	invalid-ratelimit
sveltejs__svelte-13008	none	3	invalid-ratelimit
sveltejs__svelte-13008	accurate	3	invalid-ratelimit
sveltejs__svelte-13008	stale	3	invalid-ratelimit
sveltejs__svelte-13008	none	4	invalid-ratelimit
sveltejs__svelte-13008	accurate	4	invalid-ratelimit
sveltejs__svelte-13008	stale	4	invalid-ratelimit
sveltejs__svelte-13026	none	3	invalid-ratelimit
sveltejs__svelte-13026	accurate	3	invalid-ratelimit
sveltejs__svelte-13026	stale	3	invalid-ratelimit
sveltejs__svelte-13026	none	4	invalid-ratelimit
sveltejs__svelte-13026	accurate	4	invalid-ratelimit
sveltejs__svelte-13026	stale	4	invalid-ratelimit
sveltejs__svelte-13097	none	3	invalid-ratelimit
sveltejs__svelte-13097	accurate	3	invalid-ratelimit
sveltejs__svelte-13097	stale	3	invalid-ratelimit
sveltejs__svelte-13097	none	4	invalid-ratelimit
sveltejs__svelte-13097	accurate	4	invalid-ratelimit
sveltejs__svelte-13097	stale	4	invalid-ratelimit
sveltejs__svelte-13175	none	3	invalid-ratelimit
sveltejs__svelte-13175	accurate	3	invalid-ratelimit
sveltejs__svelte-13175	stale	3	invalid-ratelimit
sveltejs__svelte-13175	none	4	invalid-ratelimit
sveltejs__svelte-13175	accurate	4	invalid-ratelimit
sveltejs__svelte-13175	stale	4	invalid-ratelimit
sveltejs__svelte-13198	none	3	invalid-ratelimit
sveltejs__svelte-13198	accurate	3	invalid-ratelimit
sveltejs__svelte-13198	stale	3	invalid-ratelimit
sveltejs__svelte-13198	none	4	invalid-ratelimit
sveltejs__svelte-13198	accurate	4	invalid-ratelimit
sveltejs__svelte-13198	stale	4	invalid-ratelimit
sveltejs__svelte-13411	none	3	invalid-ratelimit
sveltejs__svelte-13411	accurate	3	invalid-ratelimit
sveltejs__svelte-13411	stale	3	invalid-ratelimit
sveltejs__svelte-13411	none	4	invalid-ratelimit
sveltejs__svelte-13411	accurate	4	invalid-ratelimit
sveltejs__svelte-13411	stale	4	invalid-ratelimit
sveltejs__svelte-13750	none	2	invalid-ratelimit
sveltejs__svelte-13750	accurate	2	invalid-ratelimit
sveltejs__svelte-13750	stale	2	invalid-ratelimit
sveltejs__svelte-13750	none	3	invalid-ratelimit
sveltejs__svelte-13750	accurate	3	invalid-ratelimit
sveltejs__svelte-13750	stale	3	invalid-ratelimit
sveltejs__svelte-13750	none	4	invalid-ratelimit
sveltejs__svelte-13750	accurate	4	invalid-ratelimit
sveltejs__svelte-13750	stale	4	invalid-ratelimit
sveltejs__svelte-13774	none	3	invalid-ratelimit
sveltejs__svelte-13774	accurate	3	invalid-ratelimit
sveltejs__svelte-13774	stale	3	invalid-ratelimit
sveltejs__svelte-13774	none	4	invalid-ratelimit
sveltejs__svelte-13774	accurate	4	invalid-ratelimit
sveltejs__svelte-13774	stale	4	invalid-ratelimit
sveltejs__svelte-14276	none	3	invalid-ratelimit
sveltejs__svelte-14276	accurate	3	invalid-ratelimit
sveltejs__svelte-14276	stale	3	invalid-ratelimit
sveltejs__svelte-14276	none	4	invalid-ratelimit
sveltejs__svelte-14276	accurate	4	invalid-ratelimit
sveltejs__svelte-14276	stale	4	invalid-ratelimit
sveltejs__svelte-14349	none	2	invalid-ratelimit
sveltejs__svelte-14349	accurate	2	invalid-ratelimit
sveltejs__svelte-14349	stale	2	invalid-ratelimit
sveltejs__svelte-14349	none	3	invalid-ratelimit
sveltejs__svelte-14349	accurate	3	invalid-ratelimit
sveltejs__svelte-14349	stale	3	invalid-ratelimit
sveltejs__svelte-14349	none	4	invalid-ratelimit
sveltejs__svelte-14349	accurate	4	invalid-ratelimit
sveltejs__svelte-14349	stale	4	invalid-ratelimit
sveltejs__svelte-14494	none	2	invalid-ratelimit
sveltejs__svelte-14494	accurate	2	invalid-ratelimit
sveltejs__svelte-14494	stale	2	invalid-ratelimit
sveltejs__svelte-14494	none	3	invalid-ratelimit
sveltejs__svelte-14494	accurate	3	invalid-ratelimit
sveltejs__svelte-14494	stale	3	invalid-ratelimit
sveltejs__svelte-14494	none	4	invalid-ratelimit
sveltejs__svelte-14494	accurate	4	invalid-ratelimit
sveltejs__svelte-14494	stale	4	invalid-ratelimit
sveltejs__svelte-15083	none	3	invalid-ratelimit
sveltejs__svelte-15083	accurate	3	invalid-ratelimit
sveltejs__svelte-15083	stale	3	invalid-ratelimit
sveltejs__svelte-15083	none	4	invalid-ratelimit
sveltejs__svelte-15083	accurate	4	invalid-ratelimit
sveltejs__svelte-15083	stale	4	invalid-ratelimit
vuejs__core-10522	none	2	invalid-ratelimit
vuejs__core-10522	accurate	2	invalid-ratelimit
vuejs__core-10522	stale	2	invalid-ratelimit
vuejs__core-10522	none	3	invalid-ratelimit
vuejs__core-10522	accurate	3	invalid-ratelimit
vuejs__core-10522	stale	3	invalid-ratelimit
vuejs__core-10522	none	4	invalid-ratelimit
vuejs__core-10522	accurate	4	invalid-ratelimit
vuejs__core-10522	stale	4	invalid-ratelimit
vuejs__core-11854	none	3	invalid-ratelimit
vuejs__core-11854	accurate	3	invalid-ratelimit
vuejs__core-11854	stale	3	invalid-ratelimit
vuejs__core-11854	none	4	invalid-ratelimit
vuejs__core-11854	accurate	4	invalid-ratelimit
vuejs__core-11854	stale	4	invalid-ratelimit
