Kong__insomnia-7734	1	1	1.0
anuraghazra__github-readme-stats-1314	3	3	0.35
anuraghazra__github-readme-stats-1378	2	2	0.09
anuraghazra__github-readme-stats-721	3	2	0.37
axios__axios-5919	2	2	0.06
iamkun__dayjs-337	2	1	0.0
iamkun__dayjs-556	2	2	0.55
mui__material-ui-23487	3	2	0.79
mui__material-ui-23884	2	1	1.0
mui__material-ui-24205	2	2	0.67
mui__material-ui-24213	2	2	0.75
mui__material-ui-33820	3	1	0.0
mui__material-ui-35178	3	2	0.0
mui__material-ui-35410	2	2	0.9
mui__material-ui-36056	3	1	0.0
mui__material-ui-36116	1	1	1.0
mui__material-ui-36659	1	1	1.0
mui__material-ui-37070	2	2	0.18
mui__material-ui-37141	1	1	1.0
mui__material-ui-38788	1	1	1.0
mui__material-ui-39196	2	1	0.0
sveltejs__svelte-11251	2	1	1.0
sveltejs__svelte-12098	2	1	1.0
sveltejs__svelte-12376	2	1	1.0
sveltejs__svelte-12460	2	1	1.0
sveltejs__svelte-12474	3	2	0.0
sveltejs__svelte-13008	3	1	1.0
sveltejs__svelte-13026	2	1	1.0
sveltejs__svelte-13097	2	1	1.0
sveltejs__svelte-13175	2	1	1.0
sveltejs__svelte-13198	2	1	1.0
sveltejs__svelte-13411	2	1	1.0
sveltejs__svelte-13750	2	1	1.0
sveltejs__svelte-13774	2	1	1.0
sveltejs__svelte-14153	2	1	1.0
sveltejs__svelte-14276	2	1	1.0
sveltejs__svelte-14349	2	1	1.0
sveltejs__svelte-14494	2	1	1.0
sveltejs__svelte-15020	3	2	0.22
sveltejs__svelte-15083	2	1	1.0
sveltejs__svelte-9328	3	2	0.4
vuejs__core-10522	1	1	1.0
vuejs__core-11854	1	1	1.0
vuejs__core-11899	1	1	1.0
