vuejs__core-11813	easy	471899af8 2019-06-11 packages/observer/src/effect.ts -> packages/reactivity/src/effect.ts
vuejs__core-11625	easy	07403c9ab 2019-06-07 packages/runtime-core/src/reactivity.ts -> packages/runtime-core/src/apiWatch.ts
vuejs__core-10289	easy	caba6d5c9 2019-08-16 packages/reactivity/src/state.ts -> packages/reactivity/src/reactive.ts
vuejs__core-9492	easy	dcf476436 2019-09-23 packages/compiler-core/src/transforms/expression.ts -> packages/compiler-core/src/transforms/transformExpression.ts
axios__axios-5919	hard	170588f3 2022-03-07 lib/defaults.js -> lib/defaults/index.js
anuraghazra__github-readme-stats-1370	hard	67b434d 2020-08-02 src/renderRepoCard.js -> src/cards/repo-card.js
anuraghazra__github-readme-stats-1370	hard	67b434d 2020-08-02 src/utils.js -> src/common/utils.js
anuraghazra__github-readme-stats-1314	hard	67b434d 2020-08-02 src/renderRepoCard.js -> src/cards/repo-card.js
anuraghazra__github-readme-stats-1314	hard	67b434d 2020-08-02 src/renderTopLanguages.js -> src/cards/top-languages-card.js
anuraghazra__github-readme-stats-1314	hard	67b434d 2020-08-02 src/utils.js -> src/common/utils.js
sveltejs__svelte-14153	medium	bce4f3f01 2024-02-01 packages/svelte/src/compiler/phases/3-transform/typescript.js -> packages/svelte/src/compiler/phases/1-parse/remove_typescript_nodes.js
sveltejs__svelte-12460	hard	eb40417c3 2024-03-12 packages/svelte/src/internal/client/transitions.js -> packages/svelte/src/internal/client/dom/elements/transitions.js
sveltejs__svelte-11669	medium	bd51e6f3e 2023-05-28 src/compiler/utils/extract_svelte_ignore.js -> packages/svelte/src/compiler/utils/extract_svelte_ignore.js
sveltejs__svelte-10297	medium	fe8a9ce31 2023-11-10 packages/svelte/src/runtime/ssr.js -> packages/svelte/src/main/main-server.js
mui__material-ui-39962	medium	49b3469442 2021-09-06 packages/material-ui-system/src/borders.js -> packages/mui-system/src/borders.js
mui__material-ui-39196	medium	27f1c282cf 2022-02-04 docs/src/pages/system/spacing/spacing.md -> docs/data/system/spacing/spacing.md
mui__material-ui-39196	medium	49b3469442 2021-09-06 packages/material-ui-system/src/spacing.js -> packages/mui-system/src/spacing.js
mui__material-ui-38788	medium	cba0019bf8 2023-02-21 packages/mui-base/src/AutocompleteUnstyled/useAutocomplete.js -> packages/mui-base/src/useAutocomplete/useAutocomplete.js
mui__material-ui-36659	medium	cba0019bf8 2023-02-21 packages/mui-base/src/AutocompleteUnstyled/useAutocomplete.js -> packages/mui-base/src/useAutocomplete/useAutocomplete.js
mui__material-ui-35178	hard	49b3469442 2021-09-06 packages/material-ui-system/src/colorManipulator.d.ts -> packages/mui-system/src/colorManipulator.d.ts
mui__material-ui-35178	hard	49b3469442 2021-09-06 packages/material-ui-system/src/colorManipulator.js -> packages/mui-system/src/colorManipulator.js
mui__material-ui-35047	easy	49b3469442 2021-09-06 packages/material-ui/src/Select/SelectInput.js -> packages/mui-material/src/Select/SelectInput.js
mui__material-ui-34245	medium	49b3469442 2021-09-06 packages/material-ui/src/Fab/Fab.js -> packages/mui-material/src/Fab/Fab.js
mui__material-ui-34229	medium	49b3469442 2021-09-06 packages/material-ui/src/Select/SelectInput.js -> packages/mui-material/src/Select/SelectInput.js
mui__material-ui-34159	easy	49b3469442 2021-09-06 packages/material-ui/src/ListItemButton/ListItemButton.js -> packages/mui-material/src/ListItemButton/ListItemButton.js
mui__material-ui-32987	medium	49b3469442 2021-09-06 packages/material-ui/src/Dialog/Dialog.js -> packages/mui-material/src/Dialog/Dialog.js
mui__material-ui-32182	medium	49b3469442 2021-09-06 packages/material-ui/src/Link/Link.js -> packages/mui-material/src/Link/Link.js
mui__material-ui-30788	medium	49b3469442 2021-09-06 packages/material-ui/src/Select/Select.js -> packages/mui-material/src/Select/Select.js
mui__material-ui-30333	medium	49b3469442 2021-09-06 packages/material-ui/src/Grid/Grid.js -> packages/mui-material/src/Grid/Grid.js
mui__material-ui-29880	medium	49b3469442 2021-09-06 packages/material-ui/src/Grid/Grid.js -> packages/mui-material/src/Grid/Grid.js
mui__material-ui-25825	medium	3e4854b39b 2018-04-16 src/styles/colorManipulator.js -> packages/material-ui/src/styles/colorManipulator.js
mui__material-ui-25637	easy	bdb4baa668 2019-03-13 packages/material-ui-styles/src/getStylesCreator.js -> packages/material-ui-styles/src/getStylesCreator/getStylesCreator.js
mui__material-ui-25259	medium	fca1061644 2018-02-18 packages/lab/src/SpeedDial/SpeedDial.js -> packages/material-ui-lab/src/SpeedDial/SpeedDial.js
mui__material-ui-25259	medium	fca1061644 2018-02-18 packages/lab/src/SpeedDialAction/SpeedDialAction.js -> packages/material-ui-lab/src/SpeedDialAction/SpeedDialAction.js
mui__material-ui-23487	medium	1555e52367 2019-05-08 docs/src/pages/demos/autocomplete/autocomplete.md -> docs/src/pages/components/autocomplete/autocomplete.md
mui__material-ui-23487	medium	3e4854b39b 2018-04-16 src/SwipeableDrawer/SwipeableDrawer.js -> packages/material-ui/src/SwipeableDrawer/SwipeableDrawer.js
mui__material-ui-23487	medium	4d50a9ed6a 2020-10-01 packages/material-ui-lab/src/useAutocomplete/useAutocomplete.js -> packages/material-ui/src/useAutocomplete/useAutocomplete.js
mui__material-ui-23073	hard	f4be182606 2018-05-12 packages/material-ui/src/Menu/MenuItem.js -> packages/material-ui/src/MenuItem/MenuItem.js
mui__material-ui-23073	hard	f4be182606 2018-05-12 packages/material-ui/src/Menu/MenuList.js -> packages/material-ui/src/MenuList/MenuList.js
