vuejs__core-11899	vuejs/core	NA	2024-09-10	2023-04-05	524	b2c874e3b	packages/compiler-sfc/src/stylePluginScoped.ts -> packages/compiler-sfc/src/style/pluginScoped.ts
vuejs__core-11854	vuejs/core	NA	2024-09-07	2023-04-05	521	b2c874e3b	packages/compiler-sfc/src/stylePluginScoped.ts -> packages/compiler-sfc/src/style/pluginScoped.ts
vuejs__core-11813	vuejs/core	NA	2024-09-04	2019-06-11	1912	471899af8	packages/observer/src/effect.ts -> packages/reactivity/src/effect.ts
vuejs__core-11761	vuejs/core	NA	2024-08-29	2019-06-11	1906	471899af8	packages/observer/src/baseHandlers.ts -> packages/reactivity/src/baseHandlers.ts
vuejs__core-11694	vuejs/core	NA	2024-08-20	2019-06-11	1897	471899af8	packages/observer/src/baseHandlers.ts -> packages/reactivity/src/baseHandlers.ts
vuejs__core-11694	vuejs/core	NA	2024-08-20	2021-07-07	1140	979a84194	packages/reactivity/src/Dep.ts -> packages/reactivity/src/dep.ts
vuejs__core-11625	vuejs/core	NA	2024-08-15	2019-06-07	1896	07403c9ab	packages/runtime-core/src/reactivity.ts -> packages/runtime-core/src/apiWatch.ts
vuejs__core-11491	vuejs/core	NA	2024-08-06	2018-10-26	2111	e05673f4d	packages/core/src/index.ts -> packages/runtime-core/src/index.ts
vuejs__core-11491	vuejs/core	NA	2024-08-06	2020-02-06	1642	bc8f91d18	packages/server-renderer/src/helpers/renderSlot.ts -> packages/server-renderer/src/helpers/ssrRenderSlot.ts
vuejs__core-11165	vuejs/core	NA	2024-06-17	2019-05-26	1849	b3f8b5ae0	packages/runtime-dom/src/patchData.ts -> packages/runtime-dom/src/patchProp.ts
vuejs__core-10989	vuejs/core	NA	2024-07-16	2019-11-02	1718	90b9884eb	packages/runtime-core/src/createRenderer.ts -> packages/runtime-core/src/renderer.ts
vuejs__core-10939	vuejs/core	NA	2024-05-13	2019-09-21	1696	93440bba9	packages/compiler-core/src/directives/vFor.ts -> packages/compiler-core/src/transforms/vFor.ts
vuejs__core-10891	vuejs/core	NA	2024-05-09	2019-09-23	1690	dcf476436	packages/compiler-core/src/transforms/element.ts -> packages/compiler-core/src/transforms/transformElement.ts
vuejs__core-10522	vuejs/core	NA	2024-03-21	2023-04-05	351	b2c874e3b	packages/compiler-sfc/src/stylePluginScoped.ts -> packages/compiler-sfc/src/style/pluginScoped.ts
vuejs__core-10416	vuejs/core	NA	2024-02-26	2018-10-26	1949	e05673f4d	packages/renderer-dom/src/modules/props.ts -> packages/runtime-dom/src/modules/props.ts
vuejs__core-10289	vuejs/core	NA	2024-02-07	2019-08-16	1636	caba6d5c9	packages/reactivity/src/state.ts -> packages/reactivity/src/reactive.ts
vuejs__core-10250	vuejs/core	NA	2024-01-29	2018-10-26	1921	e05673f4d	packages/core/src/component.ts -> packages/runtime-core/src/component.ts
vuejs__core-10218	vuejs/core	NA	2024-01-22	2019-10-05	1570	ea4a352ee	packages/compiler-core/src/transforms/transfromSlotOutlet.ts -> packages/compiler-core/src/transforms/transformSlotOutlet.ts
vuejs__core-10161	vuejs/core	NA	2024-01-22	2018-10-26	1914	e05673f4d	packages/renderer-dom/src/modules/style.ts -> packages/runtime-dom/src/modules/style.ts
vuejs__core-10101	vuejs/core	NA	2024-01-13	2019-06-11	1677	471899af8	packages/observer/src/computed.ts -> packages/reactivity/src/computed.ts
vuejs__core-10101	vuejs/core	NA	2024-01-13	2019-06-11	1677	471899af8	packages/observer/src/effect.ts -> packages/reactivity/src/effect.ts
vuejs__core-9751	vuejs/core	NA	2023-12-04	2019-06-11	1637	471899af8	packages/observer/src/baseHandlers.ts -> packages/reactivity/src/baseHandlers.ts
vuejs__core-9572	vuejs/core	NA	2024-07-31	2019-06-07	1881	07403c9ab	packages/runtime-core/src/reactivity.ts -> packages/runtime-core/src/apiWatch.ts
vuejs__core-9492	vuejs/core	NA	2023-10-26	2019-09-23	1494	dcf476436	packages/compiler-core/src/transforms/expression.ts -> packages/compiler-core/src/transforms/transformExpression.ts
vuejs__core-9213	vuejs/core	NA	2024-06-18	2019-11-02	1690	90b9884eb	packages/runtime-core/src/createRenderer.ts -> packages/runtime-core/src/renderer.ts
vuejs__core-9213	vuejs/core	NA	2024-06-18	2019-05-28	1848	28a0c5035	packages/runtime-core/src/h.ts -> packages/runtime-core/src/vnode.ts
vuejs__core-8824	vuejs/core	NA	2023-11-30	2023-04-05	239	b2c874e3b	packages/compiler-sfc/src/cssVars.ts -> packages/compiler-sfc/src/style/cssVars.ts
vuejs__core-8785	vuejs/core	NA	2023-11-21	2019-09-23	1520	dcf476436	packages/compiler-core/src/transforms/element.ts -> packages/compiler-core/src/transforms/transformElement.ts
iamkun__dayjs-556	iamkun/dayjs	NA	2019-04-02	2018-05-25	312	43b4aa6	src/plugin/advancedFormat.js -> src/plugin/advancedFormat/index.js
iamkun__dayjs-337	iamkun/dayjs	NA	2019-01-10	2018-05-02	253	c7e03c3	ReadMe.md -> README.md
axios__axios-5919	axios/axios	NA	2023-09-25	2022-03-07	566	170588f3	lib/defaults.js -> lib/defaults/index.js
axios__axios-5085	axios/axios	NA	2022-10-13	2016-11-10	2162	63ee3573	axios.d.ts -> index.d.ts
anuraghazra__github-readme-stats-1378	anuraghazra/github-readme-stats	NA	2021-10-10	2020-08-02	434	67b434d	src/renderRepoCard.js -> src/cards/repo-card.js
anuraghazra__github-readme-stats-1378	anuraghazra/github-readme-stats	NA	2021-10-10	2020-08-02	434	67b434d	src/utils.js -> src/common/utils.js
anuraghazra__github-readme-stats-1370	anuraghazra/github-readme-stats	NA	2021-10-06	2020-08-02	430	67b434d	src/renderRepoCard.js -> src/cards/repo-card.js
anuraghazra__github-readme-stats-1370	anuraghazra/github-readme-stats	NA	2021-10-06	2020-08-02	430	67b434d	src/utils.js -> src/common/utils.js
anuraghazra__github-readme-stats-1314	anuraghazra/github-readme-stats	NA	2021-09-15	2020-08-02	409	67b434d	src/renderRepoCard.js -> src/cards/repo-card.js
anuraghazra__github-readme-stats-1314	anuraghazra/github-readme-stats	NA	2021-09-15	2020-08-02	409	67b434d	src/renderTopLanguages.js -> src/cards/top-languages-card.js
anuraghazra__github-readme-stats-1314	anuraghazra/github-readme-stats	NA	2021-09-15	2020-08-02	409	67b434d	src/utils.js -> src/common/utils.js
anuraghazra__github-readme-stats-721	anuraghazra/github-readme-stats	NA	2020-12-10	2020-08-02	130	67b434d	src/renderStatsCard.js -> src/cards/stats-card.js
anuraghazra__github-readme-stats-721	anuraghazra/github-readme-stats	NA	2020-12-10	2020-08-02	130	67b434d	src/utils.js -> src/common/utils.js
expressjs__express-3870	expressjs/express	NA	2018-10-10	2011-10-07	2560	d0585bd9	lib/proto.js -> lib/application.js
Kong__insomnia-7734	Kong/insomnia	NA	2024-07-18	2022-11-23	602	5b2707cb7	packages/insomnia-importers/src/importers/openapi-3.ts -> packages/insomnia/src/utils/importers/importers/openapi-3.ts
sveltejs__svelte-15083	sveltejs/svelte	NA	2025-01-21	2024-07-11	194	4e8d1c8c5	packages/svelte/src/compiler/phases/2-analyze/utils.js -> packages/svelte/src/utils.js
sveltejs__svelte-15020	sveltejs/svelte	NA	2025-01-14	2023-11-10	431	fe8a9ce31	packages/svelte/src/compiler/parse/read/expression.js -> packages/svelte/src/compiler/phases/1-parse/read/expression.js
sveltejs__svelte-15013	sveltejs/svelte	NA	2025-01-14	2024-03-12	308	eb40417c3	packages/svelte/src/internal/client/dom/bindings/media.js -> packages/svelte/src/internal/client/dom/elements/bindings/media.js
sveltejs__svelte-14942	sveltejs/svelte	NA	2025-01-07	2023-11-10	424	fe8a9ce31	packages/svelte/src/runtime/transition/index.js -> packages/svelte/src/transition/index.js
sveltejs__svelte-14937	sveltejs/svelte	NA	2025-01-07	2023-11-10	424	fe8a9ce31	packages/svelte/src/runtime/motion/tweened.js -> packages/svelte/src/motion/tweened.js
sveltejs__svelte-14935	sveltejs/svelte	NA	2025-01-07	2024-07-11	180	4e8d1c8c5	packages/svelte/src/compiler/phases/2-analyze/utils.js -> packages/svelte/src/utils.js
sveltejs__svelte-14494	sveltejs/svelte	NA	2024-12-01	2024-02-15	290	cec3540ac	packages/svelte/src/compiler/css/Selector.js -> packages/svelte/src/compiler/phases/2-analyze/css/css-prune.js
sveltejs__svelte-14349	sveltejs/svelte	NA	2024-11-18	2024-03-12	251	eb40417c3	packages/svelte/src/internal/client/dom/bindings/input.js -> packages/svelte/src/internal/client/dom/elements/bindings/input.js
sveltejs__svelte-14276	sveltejs/svelte	NA	2024-11-12	2024-02-15	271	cec3540ac	packages/svelte/src/compiler/css/utils.js -> packages/svelte/src/compiler/phases/2-analyze/css/utils.js
sveltejs__svelte-14213	sveltejs/svelte	NA	2024-11-07	2024-02-15	266	cec3540ac	packages/svelte/src/compiler/css/Selector.js -> packages/svelte/src/compiler/phases/2-analyze/css/css-prune.js
sveltejs__svelte-14153	sveltejs/svelte	NA	2024-11-05	2024-02-01	278	bce4f3f01	packages/svelte/src/compiler/phases/3-transform/typescript.js -> packages/svelte/src/compiler/phases/1-parse/remove_typescript_nodes.js
sveltejs__svelte-13866	sveltejs/svelte	NA	2024-10-24	2024-02-15	251	cec3540ac	packages/svelte/src/compiler/css/Selector.js -> packages/svelte/src/compiler/phases/2-analyze/css/css-prune.js
sveltejs__svelte-13824	sveltejs/svelte	NA	2024-10-23	2024-02-15	250	cec3540ac	packages/svelte/src/compiler/css/Selector.js -> packages/svelte/src/compiler/phases/2-analyze/css/css-prune.js
sveltejs__svelte-13774	sveltejs/svelte	NA	2024-10-22	2024-03-04	231	aa29a853d	packages/svelte/src/internal/client/reactivity/computations.js -> packages/svelte/src/internal/client/reactivity/effects.js
sveltejs__svelte-13750	sveltejs/svelte	NA	2024-10-21	2024-02-15	248	cec3540ac	packages/svelte/src/compiler/css/Selector.js -> packages/svelte/src/compiler/phases/2-analyze/css/css-prune.js
sveltejs__svelte-13553	sveltejs/svelte	NA	2024-10-09	2024-02-19	232	41e7dab75	packages/svelte/src/internal/client/each.js -> packages/svelte/src/internal/client/dom/blocks/each.js
sveltejs__svelte-13411	sveltejs/svelte	NA	2024-09-26	2024-07-30	58	71c373d0a	packages/svelte/src/compiler/phases/2-analyze/a11y.js -> packages/svelte/src/compiler/phases/2-analyze/visitors/shared/a11y.js
sveltejs__svelte-13209	sveltejs/svelte	NA	2024-09-11	2024-02-15	208	cec3540ac	packages/svelte/src/compiler/css/Selector.js -> packages/svelte/src/compiler/phases/2-analyze/css/css-prune.js
sveltejs__svelte-13198	sveltejs/svelte	NA	2024-09-10	2023-11-10	304	fe8a9ce31	packages/svelte/src/compiler/parse/state/tag.js -> packages/svelte/src/compiler/phases/1-parse/state/element.js
sveltejs__svelte-13175	sveltejs/svelte	NA	2024-09-06	2024-01-23	226	40c295638	packages/svelte/src/internal/client/proxy/proxy.js -> packages/svelte/src/internal/client/proxy.js
sveltejs__svelte-13097	sveltejs/svelte	NA	2024-08-30	2023-11-10	293	fe8a9ce31	packages/svelte/src/compiler/parse/state/tag.js -> packages/svelte/src/compiler/phases/1-parse/state/element.js
sveltejs__svelte-13026	sveltejs/svelte	NA	2024-08-25	2024-01-23	214	40c295638	packages/svelte/src/internal/client/proxy/proxy.js -> packages/svelte/src/internal/client/proxy.js
sveltejs__svelte-13008	sveltejs/svelte	NA	2024-08-24	2024-01-23	213	40c295638	packages/svelte/src/internal/client/proxy/proxy.js -> packages/svelte/src/internal/client/proxy.js
sveltejs__svelte-12474	sveltejs/svelte	NA	2024-07-17	2024-04-25	83	8e1742831	packages/svelte/messages/compile-errors/css.md -> packages/svelte/messages/compile-errors/style.md
sveltejs__svelte-12469	sveltejs/svelte	NA	2024-07-16	2023-11-10	248	fe8a9ce31	packages/svelte/src/compiler/parse/read/expression.js -> packages/svelte/src/compiler/phases/1-parse/read/expression.js
sveltejs__svelte-12460	sveltejs/svelte	NA	2024-07-16	2024-03-12	126	eb40417c3	packages/svelte/src/internal/client/transitions.js -> packages/svelte/src/internal/client/dom/elements/transitions.js
sveltejs__svelte-12376	sveltejs/svelte	NA	2024-07-09	2024-03-04	126	aa29a853d	packages/svelte/src/internal/client/reactivity/computations.js -> packages/svelte/src/internal/client/reactivity/effects.js
sveltejs__svelte-12365	sveltejs/svelte	NA	2024-07-09	2024-02-15	144	cec3540ac	packages/svelte/src/compiler/css/Selector.js -> packages/svelte/src/compiler/phases/2-analyze/css/css-prune.js
sveltejs__svelte-12321	sveltejs/svelte	NA	2024-07-05	2024-03-12	115	eb40417c3	packages/svelte/src/internal/client/transitions.js -> packages/svelte/src/internal/client/dom/elements/transitions.js
sveltejs__svelte-12098	sveltejs/svelte	NA	2024-06-19	2024-02-19	120	41e7dab75	packages/svelte/src/internal/client/each.js -> packages/svelte/src/internal/client/dom/blocks/each.js
sveltejs__svelte-11669	sveltejs/svelte	NA	2024-05-16	2023-05-28	354	bd51e6f3e	src/compiler/utils/extract_svelte_ignore.js -> packages/svelte/src/compiler/utils/extract_svelte_ignore.js
sveltejs__svelte-11254	sveltejs/svelte	NA	2024-04-19	2024-02-19	59	41e7dab75	packages/svelte/src/internal/client/each.js -> packages/svelte/src/internal/client/dom/blocks/each.js
sveltejs__svelte-11251	sveltejs/svelte	NA	2024-04-19	2024-03-12	38	eb40417c3	packages/svelte/src/internal/client/transitions.js -> packages/svelte/src/internal/client/dom/elements/transitions.js
sveltejs__svelte-11096	sveltejs/svelte	NA	2024-04-08	2024-02-15	52	cec3540ac	packages/svelte/src/compiler/css/Selector.js -> packages/svelte/src/compiler/phases/2-analyze/css/css-prune.js
sveltejs__svelte-10721	sveltejs/svelte	NA	2024-03-07	2023-11-10	118	fe8a9ce31	packages/svelte/src/compiler/parse/state/tag.js -> packages/svelte/src/compiler/phases/1-parse/state/element.js
sveltejs__svelte-10671	sveltejs/svelte	NA	2024-02-29	2023-11-10	111	fe8a9ce31	packages/svelte/src/compiler/parse/read/context.js -> packages/svelte/src/compiler/phases/1-parse/read/context.js
sveltejs__svelte-10297	sveltejs/svelte	NA	2024-02-06	2023-11-10	88	fe8a9ce31	packages/svelte/src/runtime/ssr.js -> packages/svelte/src/main/main-server.js
sveltejs__svelte-10287	sveltejs/svelte	NA	2024-01-24	2023-11-10	75	fe8a9ce31	packages/svelte/src/compiler/compile/css/Selector.js -> packages/svelte/src/compiler/phases/2-analyze/css/Selector.js
sveltejs__svelte-9328	sveltejs/svelte	NA	2023-10-06	2023-05-28	131	bd51e6f3e	src/compiler/compile/render_dom/wrappers/Element/Attribute.js -> packages/svelte/src/compiler/compile/render_dom/wrappers/Element/Attribute.js
sveltejs__svelte-9328	sveltejs/svelte	NA	2023-10-06	2023-05-28	131	bd51e6f3e	src/runtime/internal/dom.js -> packages/svelte/src/runtime/internal/dom.js
mui__material-ui-39962	mui/material-ui	NA	2023-11-27	2021-09-06	812	49b3469442	packages/material-ui-system/src/borders.js -> packages/mui-system/src/borders.js
mui__material-ui-39775	mui/material-ui	NA	2023-11-06	2021-09-06	791	49b3469442	packages/material-ui/src/Rating/Rating.js -> packages/mui-material/src/Rating/Rating.js
mui__material-ui-39465	mui/material-ui	NA	2023-10-16	2021-09-06	770	49b3469442	packages/material-ui-system/src/style.js -> packages/mui-system/src/style.js
mui__material-ui-39457	mui/material-ui	NA	2023-10-14	2021-09-06	768	49b3469442	packages/material-ui-system/src/style.js -> packages/mui-system/src/style.js
mui__material-ui-39196	mui/material-ui	NA	2023-09-27	2022-02-04	599	27f1c282cf	docs/src/pages/system/spacing/spacing.md -> docs/data/system/spacing/spacing.md
mui__material-ui-39196	mui/material-ui	NA	2023-09-27	2021-09-06	751	49b3469442	packages/material-ui-system/src/spacing.js -> packages/mui-system/src/spacing.js
mui__material-ui-39071	mui/material-ui	NA	2023-10-05	2021-09-06	759	49b3469442	packages/material-ui-system/src/style.js -> packages/mui-system/src/style.js
mui__material-ui-38788	mui/material-ui	NA	2023-10-19	2023-02-21	239	cba0019bf8	packages/mui-base/src/AutocompleteUnstyled/useAutocomplete.js -> packages/mui-base/src/useAutocomplete/useAutocomplete.js
mui__material-ui-38544	mui/material-ui	NA	2023-09-11	2021-09-06	735	49b3469442	packages/material-ui/src/Tabs/Tabs.js -> packages/mui-material/src/Tabs/Tabs.js
mui__material-ui-38544	mui/material-ui	NA	2023-09-11	2021-09-06	735	49b3469442	packages/material-ui/src/Tabs/Tabs.js -> packages/mui-material/src/Tabs/Tabs.js
mui__material-ui-38188	mui/material-ui	NA	2023-07-27	2023-02-21	155	cba0019bf8	packages/mui-base/src/AutocompleteUnstyled/useAutocomplete.js -> packages/mui-base/src/useAutocomplete/useAutocomplete.js
mui__material-ui-37855	mui/material-ui	NA	2023-07-07	2023-02-21	135	cba0019bf8	packages/mui-base/src/SelectUnstyled/useSelect.ts -> packages/mui-base/src/useSelect/useSelect.ts
mui__material-ui-37855	mui/material-ui	NA	2023-07-07	2023-02-21	135	cba0019bf8	packages/mui-base/src/SelectUnstyled/useSelect.types.ts -> packages/mui-base/src/useSelect/useSelect.types.ts
mui__material-ui-37141	mui/material-ui	NA	2023-05-02	2023-02-21	69	cba0019bf8	packages/mui-base/src/SelectUnstyled/useSelect.ts -> packages/mui-base/src/useSelect/useSelect.ts
mui__material-ui-37108	mui/material-ui	NA	2023-04-30	2021-09-06	601	49b3469442	packages/material-ui-system/src/styleFunctionSx/styleFunctionSx.js -> packages/mui-system/src/styleFunctionSx/styleFunctionSx.js
mui__material-ui-37070	mui/material-ui	NA	2023-04-28	2022-07-12	290	d1d1654deb	packages/mui-system/src/Grid/createGrid.tsx -> packages/mui-system/src/Unstable_Grid/createGrid.tsx
mui__material-ui-37070	mui/material-ui	NA	2023-04-28	2022-07-12	290	d1d1654deb	packages/mui-system/src/Grid/gridGenerator.ts -> packages/mui-system/src/Unstable_Grid/gridGenerator.ts
mui__material-ui-36659	mui/material-ui	NA	2023-03-27	2023-02-21	33	cba0019bf8	packages/mui-base/src/AutocompleteUnstyled/useAutocomplete.js -> packages/mui-base/src/useAutocomplete/useAutocomplete.js
mui__material-ui-36403	mui/material-ui	NA	2023-03-03	2021-09-06	543	49b3469442	packages/material-ui-styled-engine-sc/src/index.js -> packages/mui-styled-engine-sc/src/index.js
mui__material-ui-36403	mui/material-ui	NA	2023-03-03	2021-09-06	543	49b3469442	packages/material-ui-styled-engine/src/index.d.ts -> packages/mui-styled-engine/src/index.d.ts
mui__material-ui-36403	mui/material-ui	NA	2023-03-03	2021-09-06	543	49b3469442	packages/material-ui-styled-engine/src/index.js -> packages/mui-styled-engine/src/index.js
mui__material-ui-36353	mui/material-ui	NA	2023-03-04	2021-09-06	544	49b3469442	packages/material-ui/src/DialogTitle/DialogTitle.js -> packages/mui-material/src/DialogTitle/DialogTitle.js
mui__material-ui-36116	mui/material-ui	NA	2023-02-09	2021-11-09	457	21dba852b1	packages/mui-core/src/AutocompleteUnstyled/useAutocomplete.js -> packages/mui-base/src/AutocompleteUnstyled/useAutocomplete.js
mui__material-ui-36088	mui/material-ui	NA	2023-02-13	2021-11-09	461	21dba852b1	packages/mui-core/src/AutocompleteUnstyled/useAutocomplete.js -> packages/mui-base/src/AutocompleteUnstyled/useAutocomplete.js
mui__material-ui-36056	mui/material-ui	NA	2023-02-04	2022-02-04	365	27f1c282cf	docs/src/pages/components/use-media-query/use-media-query.md -> docs/data/material/components/use-media-query/use-media-query.md
mui__material-ui-36056	mui/material-ui	NA	2023-02-04	2021-09-06	516	49b3469442	packages/material-ui/src/styles/props.d.ts -> packages/mui-material/src/styles/props.d.ts
mui__material-ui-36056	mui/material-ui	NA	2023-02-04	2021-09-27	495	38fc55400d	packages/mui-material/src/useMediaQuery/useMediaQuery.js -> packages/mui-material/src/useMediaQuery/useMediaQuery.ts
mui__material-ui-35410	mui/material-ui	NA	2022-12-09	2021-11-09	395	21dba852b1	packages/mui-core/src/ButtonUnstyled/useButton.ts -> packages/mui-base/src/ButtonUnstyled/useButton.ts
mui__material-ui-35364	mui/material-ui	NA	2022-12-20	2021-09-06	470	49b3469442	packages/material-ui-utils/src/deepmerge.ts -> packages/mui-utils/src/deepmerge.ts
mui__material-ui-35360	mui/material-ui	NA	2022-12-05	2021-09-06	455	49b3469442	packages/material-ui-utils/src/exactProp.ts -> packages/mui-utils/src/exactProp.ts
mui__material-ui-35178	mui/material-ui	NA	2022-12-01	2021-09-06	451	49b3469442	packages/material-ui-system/src/colorManipulator.d.ts -> packages/mui-system/src/colorManipulator.d.ts
mui__material-ui-35178	mui/material-ui	NA	2022-12-01	2021-09-06	451	49b3469442	packages/material-ui-system/src/colorManipulator.js -> packages/mui-system/src/colorManipulator.js
mui__material-ui-35086	mui/material-ui	NA	2022-11-24	2021-09-06	444	49b3469442	packages/material-ui/src/SvgIcon/SvgIcon.js -> packages/mui-material/src/SvgIcon/SvgIcon.js
mui__material-ui-35047	mui/material-ui	NA	2022-11-08	2021-09-06	428	49b3469442	packages/material-ui/src/Select/SelectInput.js -> packages/mui-material/src/Select/SelectInput.js
mui__material-ui-34610	mui/material-ui	NA	2022-10-05	2021-11-09	329	21dba852b1	packages/mui-core/src/SliderUnstyled/SliderUnstyled.js -> packages/mui-base/src/SliderUnstyled/SliderUnstyled.js
mui__material-ui-34548	mui/material-ui	NA	2022-10-01	2021-09-06	390	49b3469442	packages/material-ui-system/src/palette.js -> packages/mui-system/src/palette.js
mui__material-ui-34548	mui/material-ui	NA	2022-10-01	2021-09-06	390	49b3469442	packages/material-ui-system/src/style.d.ts -> packages/mui-system/src/style.d.ts
mui__material-ui-34548	mui/material-ui	NA	2022-10-01	2021-09-06	390	49b3469442	packages/material-ui-system/src/style.js -> packages/mui-system/src/style.js
mui__material-ui-34445	mui/material-ui	NA	2022-09-26	2021-09-06	385	49b3469442	packages/material-ui/src/Popover/Popover.js -> packages/mui-material/src/Popover/Popover.js
mui__material-ui-34437	mui/material-ui	NA	2022-09-22	2021-09-06	381	49b3469442	packages/material-ui-system/src/colorManipulator.js -> packages/mui-system/src/colorManipulator.js
mui__material-ui-34337	mui/material-ui	NA	2022-10-25	2021-11-09	349	21dba852b1	packages/mui-core/src/ButtonUnstyled/ButtonUnstyled.tsx -> packages/mui-base/src/ButtonUnstyled/ButtonUnstyled.tsx
mui__material-ui-34247	mui/material-ui	NA	2022-10-25	2021-09-06	414	49b3469442	packages/material-ui/src/Chip/Chip.js -> packages/mui-material/src/Chip/Chip.js
mui__material-ui-34245	mui/material-ui	NA	2022-09-30	2021-09-06	389	49b3469442	packages/material-ui/src/Fab/Fab.js -> packages/mui-material/src/Fab/Fab.js
mui__material-ui-34229	mui/material-ui	NA	2022-12-21	2021-09-06	471	49b3469442	packages/material-ui/src/Select/SelectInput.js -> packages/mui-material/src/Select/SelectInput.js
mui__material-ui-34159	mui/material-ui	NA	2023-03-20	2021-09-06	560	49b3469442	packages/material-ui/src/ListItemButton/ListItemButton.js -> packages/mui-material/src/ListItemButton/ListItemButton.js
mui__material-ui-33957	mui/material-ui	NA	2022-08-17	2021-09-06	345	49b3469442	packages/material-ui/src/Autocomplete/Autocomplete.js -> packages/mui-material/src/Autocomplete/Autocomplete.js
mui__material-ui-33934	mui/material-ui	NA	2022-09-05	2021-09-06	364	49b3469442	packages/material-ui/src/Modal/Modal.js -> packages/mui-material/src/Modal/Modal.js
mui__material-ui-33880	mui/material-ui	NA	2022-09-07	2021-09-06	366	49b3469442	packages/material-ui/src/ListItemText/ListItemText.js -> packages/mui-material/src/ListItemText/ListItemText.js
mui__material-ui-33873	mui/material-ui	NA	2022-08-09	2021-11-09	272	21dba852b1	packages/mui-core/src/InputUnstyled/InputUnstyled.tsx -> packages/mui-base/src/InputUnstyled/InputUnstyled.tsx
mui__material-ui-33873	mui/material-ui	NA	2022-08-09	2022-05-12	89	b33d38f58f	packages/mui-base/src/InputUnstyled/InputUnstyledProps.ts -> packages/mui-base/src/InputUnstyled/InputUnstyled.types.ts
mui__material-ui-33820	mui/material-ui	NA	2022-11-26	2022-02-28	271	a82d7fb048	docs/pages/material/api/icon-button.json -> docs/pages/material-ui/api/icon-button.json
mui__material-ui-33820	mui/material-ui	NA	2022-11-26	2021-09-06	446	49b3469442	packages/material-ui/src/IconButton/iconButtonClasses.ts -> packages/mui-material/src/IconButton/iconButtonClasses.ts
mui__material-ui-33801	mui/material-ui	NA	2022-09-05	2022-02-28	188	a82d7fb048	docs/pages/material/api/chip.json -> docs/pages/material-ui/api/chip.json
mui__material-ui-33801	mui/material-ui	NA	2022-09-05	2021-09-06	364	49b3469442	packages/material-ui/src/Chip/chipClasses.ts -> packages/mui-material/src/Chip/chipClasses.ts
mui__material-ui-33777	mui/material-ui	NA	2022-08-04	2022-02-04	180	27f1c282cf	docs/src/pages/customization/density/DensityTool.js -> docs/data/material/customization/density/DensityTool.js
mui__material-ui-33777	mui/material-ui	NA	2022-08-04	2021-09-06	332	49b3469442	packages/material-ui/src/Grid/Grid.js -> packages/mui-material/src/Grid/Grid.js
mui__material-ui-33692	mui/material-ui	NA	2022-07-29	2021-09-06	326	49b3469442	packages/material-ui-codemod/src/v5.0.0/variant-prop.js -> packages/mui-codemod/src/v5.0.0/variant-prop.js
mui__material-ui-33691	mui/material-ui	NA	2022-08-01	2021-09-06	329	49b3469442	packages/material-ui-codemod/src/v5.0.0/theme-spacing.js -> packages/mui-codemod/src/v5.0.0/theme-spacing.js
mui__material-ui-32987	mui/material-ui	NA	2022-06-16	2021-09-06	283	49b3469442	packages/material-ui/src/Dialog/Dialog.js -> packages/mui-material/src/Dialog/Dialog.js
mui__material-ui-32713	mui/material-ui	NA	2022-05-18	2021-09-06	254	49b3469442	packages/material-ui/src/styles/createMixins.js -> packages/mui-material/src/styles/createMixins.js
mui__material-ui-32626	mui/material-ui	NA	2022-05-04	2021-11-09	175	21dba852b1	packages/mui-core/src/AutocompleteUnstyled/useAutocomplete.js -> packages/mui-base/src/AutocompleteUnstyled/useAutocomplete.js
mui__material-ui-32401	mui/material-ui	NA	2022-04-21	2021-11-09	162	21dba852b1	packages/mui-core/src/InputUnstyled/InputUnstyled.tsx -> packages/mui-base/src/InputUnstyled/InputUnstyled.tsx
mui__material-ui-32182	mui/material-ui	NA	2022-04-07	2021-09-06	213	49b3469442	packages/material-ui/src/Link/Link.js -> packages/mui-material/src/Link/Link.js
mui__material-ui-31998	mui/material-ui	NA	2022-06-08	2021-09-06	275	49b3469442	packages/material-ui/src/Grid/Grid.d.ts -> packages/mui-material/src/Grid/Grid.d.ts
mui__material-ui-31998	mui/material-ui	NA	2022-06-08	2021-09-06	275	49b3469442	packages/material-ui/src/Grid/Grid.js -> packages/mui-material/src/Grid/Grid.js
mui__material-ui-31998	mui/material-ui	NA	2022-06-08	2021-09-06	275	49b3469442	packages/material-ui-types/index.d.ts -> packages/mui-types/index.d.ts
mui__material-ui-31313	mui/material-ui	NA	2022-07-14	2021-11-09	246	21dba852b1	packages/mui-core/src/AutocompleteUnstyled/useAutocomplete.js -> packages/mui-base/src/AutocompleteUnstyled/useAutocomplete.js
mui__material-ui-30788	mui/material-ui	NA	2022-02-10	2021-09-06	157	49b3469442	packages/material-ui/src/Select/Select.js -> packages/mui-material/src/Select/Select.js
mui__material-ui-30561	mui/material-ui	NA	2022-01-07	2021-09-06	123	49b3469442	packages/material-ui-lab/src/internal/pickers/PureDateInput.tsx -> packages/mui-lab/src/internal/pickers/PureDateInput.tsx
mui__material-ui-30374	mui/material-ui	NA	2021-12-23	2021-11-09	44	21dba852b1	packages/mui-core/src/AutocompleteUnstyled/useAutocomplete.js -> packages/mui-base/src/AutocompleteUnstyled/useAutocomplete.js
mui__material-ui-30333	mui/material-ui	NA	2022-02-10	2021-09-06	157	49b3469442	packages/material-ui/src/Grid/Grid.js -> packages/mui-material/src/Grid/Grid.js
mui__material-ui-30126	mui/material-ui	NA	2021-12-08	2021-09-06	93	49b3469442	packages/material-ui-lab/src/LoadingButton/LoadingButton.js -> packages/mui-lab/src/LoadingButton/LoadingButton.js
mui__material-ui-30118	mui/material-ui	NA	2022-03-08	2021-09-06	183	49b3469442	packages/material-ui/src/styles/components.d.ts -> packages/mui-material/src/styles/components.d.ts
mui__material-ui-30118	mui/material-ui	NA	2022-03-08	2021-09-06	183	49b3469442	packages/material-ui/src/styles/props.d.ts -> packages/mui-material/src/styles/props.d.ts
mui__material-ui-29988	mui/material-ui	NA	2021-12-02	2021-09-06	87	49b3469442	packages/material-ui-system/package.json -> packages/mui-system/package.json
mui__material-ui-29988	mui/material-ui	NA	2021-12-02	2021-09-06	87	49b3469442	packages/material-ui-system/src/createStyled.js -> packages/mui-system/src/createStyled.js
mui__material-ui-29902	mui/material-ui	NA	2021-11-25	2021-09-06	80	49b3469442	packages/material-ui-codemod/src/util/propsToObject.js -> packages/mui-codemod/src/util/propsToObject.js
mui__material-ui-29902	mui/material-ui	NA	2021-11-25	2021-09-06	80	49b3469442	packages/material-ui-codemod/src/v5.0.0/box-sx-prop.js -> packages/mui-codemod/src/v5.0.0/box-sx-prop.js
mui__material-ui-29880	mui/material-ui	NA	2021-11-30	2021-09-06	85	49b3469442	packages/material-ui/src/Grid/Grid.js -> packages/mui-material/src/Grid/Grid.js
mui__material-ui-29824	mui/material-ui	NA	2021-11-21	2021-09-06	76	49b3469442	packages/material-ui-codemod/src/v5.0.0/jss-to-styled.js -> packages/mui-codemod/src/v5.0.0/jss-to-styled.js
mui__material-ui-29756	mui/material-ui	NA	2021-11-18	2021-09-06	73	49b3469442	packages/material-ui-system/src/breakpoints.js -> packages/mui-system/src/breakpoints.js
mui__material-ui-29756	mui/material-ui	NA	2021-11-18	2021-09-06	73	49b3469442	packages/material-ui-system/src/styleFunctionSx/styleFunctionSx.js -> packages/mui-system/src/styleFunctionSx/styleFunctionSx.js
mui__material-ui-29613	mui/material-ui	NA	2021-11-10	2021-09-06	65	49b3469442	packages/material-ui/src/Button/Button.js -> packages/mui-material/src/Button/Button.js
mui__material-ui-29317	mui/material-ui	NA	2021-10-26	2019-05-08	902	1555e52367	docs/src/pages/layout/breakpoints/breakpoints.md -> docs/src/pages/customization/breakpoints/breakpoints.md
mui__material-ui-29317	mui/material-ui	NA	2021-10-26	2021-09-06	50	49b3469442	packages/material-ui-system/src/createTheme/createBreakpoints.d.ts -> packages/mui-system/src/createTheme/createBreakpoints.d.ts
mui__material-ui-29317	mui/material-ui	NA	2021-10-26	2021-09-06	50	49b3469442	packages/material-ui-system/src/createTheme/createBreakpoints.js -> packages/mui-system/src/createTheme/createBreakpoints.js
mui__material-ui-26061	mui/material-ui	NA	2021-04-30	2018-04-16	1110	3e4854b39b	src/Tabs/Tabs.js -> packages/material-ui/src/Tabs/Tabs.js
mui__material-ui-25825	mui/material-ui	NA	2021-04-18	2018-04-16	1098	3e4854b39b	src/styles/colorManipulator.js -> packages/material-ui/src/styles/colorManipulator.js
mui__material-ui-25815	mui/material-ui	NA	2021-04-17	2018-04-16	1097	3e4854b39b	src/Select/Select.js -> packages/material-ui/src/Select/Select.js
mui__material-ui-25815	mui/material-ui	NA	2021-04-17	2018-04-16	1097	3e4854b39b	src/Select/Select.js -> packages/material-ui/src/Select/Select.js
mui__material-ui-25637	mui/material-ui	NA	2021-04-05	2019-03-13	754	bdb4baa668	packages/material-ui-styles/src/getStylesCreator.js -> packages/material-ui-styles/src/getStylesCreator/getStylesCreator.js
mui__material-ui-25259	mui/material-ui	NA	2021-03-08	2018-02-18	1114	fca1061644	packages/lab/src/SpeedDial/SpeedDial.js -> packages/material-ui-lab/src/SpeedDial/SpeedDial.js
mui__material-ui-25259	mui/material-ui	NA	2021-03-08	2018-02-18	1114	fca1061644	packages/lab/src/SpeedDialAction/SpeedDialAction.js -> packages/material-ui-lab/src/SpeedDialAction/SpeedDialAction.js
mui__material-ui-25105	mui/material-ui	NA	2021-02-26	2018-05-12	1021	f4be182606	packages/material-ui/src/Table/TableCell.js -> packages/material-ui/src/TableCell/TableCell.js
mui__material-ui-24290	mui/material-ui	NA	2021-01-05	2018-05-12	969	f4be182606	packages/material-ui/src/Form/FormLabel.js -> packages/material-ui/src/FormLabel/FormLabel.js
mui__material-ui-24213	mui/material-ui	NA	2020-12-31	2020-10-01	91	4d50a9ed6a	packages/material-ui-lab/src/useAutocomplete/useAutocomplete.js -> packages/material-ui/src/useAutocomplete/useAutocomplete.js
mui__material-ui-24205	mui/material-ui	NA	2020-12-31	2020-08-09	144	0b069d97fd	packages/pickers/lib/src/DateRangePicker/DateRangePickerViewMobile.tsx -> packages/material-ui-lab/src/DateRangePicker/DateRangePickerViewMobile.tsx
mui__material-ui-24205	mui/material-ui	NA	2020-12-31	2020-08-09	144	0b069d97fd	packages/pickers/lib/src/views/Calendar/CalendarHeader.tsx -> packages/material-ui-lab/src/DayPicker/PickersCalendarHeader.tsx
mui__material-ui-23884	mui/material-ui	NA	2020-12-07	2020-10-01	67	4d50a9ed6a	packages/material-ui-lab/src/useAutocomplete/useAutocomplete.js -> packages/material-ui/src/useAutocomplete/useAutocomplete.js
mui__material-ui-23806	mui/material-ui	NA	2020-12-01	2019-05-08	573	1555e52367	docs/src/pages/layout/use-media-query/use-media-query.md -> docs/src/pages/components/use-media-query/use-media-query.md
mui__material-ui-23806	mui/material-ui	NA	2020-12-01	2019-03-08	634	4fa33add49	packages/material-ui/src/useMediaQuery/unstable_useMediaQuery.js -> packages/material-ui/src/useMediaQuery/useMediaQuery.js
mui__material-ui-23786	mui/material-ui	NA	2020-11-29	2018-04-16	958	3e4854b39b	src/internal/SwitchBase.js -> packages/material-ui/src/internal/SwitchBase.js
mui__material-ui-23778	mui/material-ui	NA	2020-11-29	2018-04-16	958	3e4854b39b	src/Select/SelectInput.js -> packages/material-ui/src/Select/SelectInput.js
mui__material-ui-23487	mui/material-ui	NA	2020-11-27	2019-05-08	569	1555e52367	docs/src/pages/demos/autocomplete/autocomplete.md -> docs/src/pages/components/autocomplete/autocomplete.md
mui__material-ui-23487	mui/material-ui	NA	2020-11-27	2018-04-16	956	3e4854b39b	src/SwipeableDrawer/SwipeableDrawer.js -> packages/material-ui/src/SwipeableDrawer/SwipeableDrawer.js
mui__material-ui-23487	mui/material-ui	NA	2020-11-27	2020-10-01	57	4d50a9ed6a	packages/material-ui-lab/src/useAutocomplete/useAutocomplete.js -> packages/material-ui/src/useAutocomplete/useAutocomplete.js
mui__material-ui-23073	mui/material-ui	NA	2020-12-13	2018-05-12	946	f4be182606	packages/material-ui/src/Menu/MenuItem.js -> packages/material-ui/src/MenuItem/MenuItem.js
mui__material-ui-23073	mui/material-ui	NA	2020-12-13	2018-05-12	946	f4be182606	packages/material-ui/src/Menu/MenuList.js -> packages/material-ui/src/MenuList/MenuList.js
