vuejs__core-11899	NA	b2c874e3b 2023-04-05 packages/compiler-sfc/src/stylePluginScoped.ts -> packages/compiler-sfc/src/style/pluginScoped.ts
vuejs__core-11854	NA	b2c874e3b 2023-04-05 packages/compiler-sfc/src/stylePluginScoped.ts -> packages/compiler-sfc/src/style/pluginScoped.ts
vuejs__core-11813	NA	471899af8 2019-06-11 packages/observer/src/effect.ts -> packages/reactivity/src/effect.ts
vuejs__core-11761	NA	471899af8 2019-06-11 packages/observer/src/baseHandlers.ts -> packages/reactivity/src/baseHandlers.ts
vuejs__core-11694	NA	471899af8 2019-06-11 packages/observer/src/baseHandlers.ts -> packages/reactivity/src/baseHandlers.ts
vuejs__core-11694	NA	979a84194 2021-07-07 packages/reactivity/src/Dep.ts -> packages/reactivity/src/dep.ts
vuejs__core-11625	NA	07403c9ab 2019-06-07 packages/runtime-core/src/reactivity.ts -> packages/runtime-core/src/apiWatch.ts
vuejs__core-11491	NA	e05673f4d 2018-10-26 packages/core/src/index.ts -> packages/runtime-core/src/index.ts
vuejs__core-11491	NA	bc8f91d18 2020-02-06 packages/server-renderer/src/helpers/renderSlot.ts -> packages/server-renderer/src/helpers/ssrRenderSlot.ts
vuejs__core-11165	NA	b3f8b5ae0 2019-05-26 packages/runtime-dom/src/patchData.ts -> packages/runtime-dom/src/patchProp.ts
vuejs__core-10989	NA	90b9884eb 2019-11-02 packages/runtime-core/src/createRenderer.ts -> packages/runtime-core/src/renderer.ts
vuejs__core-10939	NA	93440bba9 2019-09-21 packages/compiler-core/src/directives/vFor.ts -> packages/compiler-core/src/transforms/vFor.ts
vuejs__core-10891	NA	dcf476436 2019-09-23 packages/compiler-core/src/transforms/element.ts -> packages/compiler-core/src/transforms/transformElement.ts
vuejs__core-10522	NA	b2c874e3b 2023-04-05 packages/compiler-sfc/src/stylePluginScoped.ts -> packages/compiler-sfc/src/style/pluginScoped.ts
vuejs__core-10416	NA	e05673f4d 2018-10-26 packages/renderer-dom/src/modules/props.ts -> packages/runtime-dom/src/modules/props.ts
vuejs__core-10289	NA	caba6d5c9 2019-08-16 packages/reactivity/src/state.ts -> packages/reactivity/src/reactive.ts
vuejs__core-10250	NA	e05673f4d 2018-10-26 packages/core/src/component.ts -> packages/runtime-core/src/component.ts
vuejs__core-10218	NA	ea4a352ee 2019-10-05 packages/compiler-core/src/transforms/transfromSlotOutlet.ts -> packages/compiler-core/src/transforms/transformSlotOutlet.ts
vuejs__core-10161	NA	e05673f4d 2018-10-26 packages/renderer-dom/src/modules/style.ts -> packages/runtime-dom/src/modules/style.ts
vuejs__core-10101	NA	471899af8 2019-06-11 packages/observer/src/computed.ts -> packages/reactivity/src/computed.ts
vuejs__core-10101	NA	471899af8 2019-06-11 packages/observer/src/effect.ts -> packages/reactivity/src/effect.ts
vuejs__core-9751	NA	471899af8 2019-06-11 packages/observer/src/baseHandlers.ts -> packages/reactivity/src/baseHandlers.ts
vuejs__core-9572	NA	07403c9ab 2019-06-07 packages/runtime-core/src/reactivity.ts -> packages/runtime-core/src/apiWatch.ts
vuejs__core-9492	NA	dcf476436 2019-09-23 packages/compiler-core/src/transforms/expression.ts -> packages/compiler-core/src/transforms/transformExpression.ts
vuejs__core-9213	NA	90b9884eb 2019-11-02 packages/runtime-core/src/createRenderer.ts -> packages/runtime-core/src/renderer.ts
vuejs__core-9213	NA	28a0c5035 2019-05-28 packages/runtime-core/src/h.ts -> packages/runtime-core/src/vnode.ts
vuejs__core-8824	NA	b2c874e3b 2023-04-05 packages/compiler-sfc/src/cssVars.ts -> packages/compiler-sfc/src/style/cssVars.ts
vuejs__core-8785	NA	dcf476436 2019-09-23 packages/compiler-core/src/transforms/element.ts -> packages/compiler-core/src/transforms/transformElement.ts
iamkun__dayjs-556	NA	43b4aa6 2018-05-25 src/plugin/advancedFormat.js -> src/plugin/advancedFormat/index.js
iamkun__dayjs-337	NA	c7e03c3 2018-05-02 ReadMe.md -> README.md
axios__axios-5919	NA	170588f3 2022-03-07 lib/defaults.js -> lib/defaults/index.js
axios__axios-5085	NA	63ee3573 2016-11-10 axios.d.ts -> index.d.ts
anuraghazra__github-readme-stats-1378	NA	67b434d 2020-08-02 src/renderRepoCard.js -> src/cards/repo-card.js
anuraghazra__github-readme-stats-1378	NA	67b434d 2020-08-02 src/utils.js -> src/common/utils.js
anuraghazra__github-readme-stats-1370	NA	67b434d 2020-08-02 src/renderRepoCard.js -> src/cards/repo-card.js
anuraghazra__github-readme-stats-1370	NA	67b434d 2020-08-02 src/utils.js -> src/common/utils.js
anuraghazra__github-readme-stats-1314	NA	67b434d 2020-08-02 src/renderRepoCard.js -> src/cards/repo-card.js
anuraghazra__github-readme-stats-1314	NA	67b434d 2020-08-02 src/renderTopLanguages.js -> src/cards/top-languages-card.js
anuraghazra__github-readme-stats-1314	NA	67b434d 2020-08-02 src/utils.js -> src/common/utils.js
anuraghazra__github-readme-stats-721	NA	67b434d 2020-08-02 src/renderStatsCard.js -> src/cards/stats-card.js
anuraghazra__github-readme-stats-721	NA	67b434d 2020-08-02 src/utils.js -> src/common/utils.js
expressjs__express-3870	NA	d0585bd9 2011-10-07 lib/proto.js -> lib/application.js
Kong__insomnia-7734	NA	5b2707cb7 2022-11-23 packages/insomnia-importers/src/importers/openapi-3.ts -> packages/insomnia/src/utils/importers/importers/openapi-3.ts
sveltejs__svelte-15083	NA	4e8d1c8c5 2024-07-11 packages/svelte/src/compiler/phases/2-analyze/utils.js -> packages/svelte/src/utils.js
sveltejs__svelte-15020	NA	fe8a9ce31 2023-11-10 packages/svelte/src/compiler/parse/read/expression.js -> packages/svelte/src/compiler/phases/1-parse/read/expression.js
sveltejs__svelte-15013	NA	eb40417c3 2024-03-12 packages/svelte/src/internal/client/dom/bindings/media.js -> packages/svelte/src/internal/client/dom/elements/bindings/media.js
sveltejs__svelte-14942	NA	fe8a9ce31 2023-11-10 packages/svelte/src/runtime/transition/index.js -> packages/svelte/src/transition/index.js
sveltejs__svelte-14937	NA	fe8a9ce31 2023-11-10 packages/svelte/src/runtime/motion/tweened.js -> packages/svelte/src/motion/tweened.js
sveltejs__svelte-14935	NA	4e8d1c8c5 2024-07-11 packages/svelte/src/compiler/phases/2-analyze/utils.js -> packages/svelte/src/utils.js
sveltejs__svelte-14494	NA	cec3540ac 2024-02-15 packages/svelte/src/compiler/css/Selector.js -> packages/svelte/src/compiler/phases/2-analyze/css/css-prune.js
sveltejs__svelte-14349	NA	eb40417c3 2024-03-12 packages/svelte/src/internal/client/dom/bindings/input.js -> packages/svelte/src/internal/client/dom/elements/bindings/input.js
sveltejs__svelte-14276	NA	cec3540ac 2024-02-15 packages/svelte/src/compiler/css/utils.js -> packages/svelte/src/compiler/phases/2-analyze/css/utils.js
sveltejs__svelte-14213	NA	cec3540ac 2024-02-15 packages/svelte/src/compiler/css/Selector.js -> packages/svelte/src/compiler/phases/2-analyze/css/css-prune.js
sveltejs__svelte-14153	NA	bce4f3f01 2024-02-01 packages/svelte/src/compiler/phases/3-transform/typescript.js -> packages/svelte/src/compiler/phases/1-parse/remove_typescript_nodes.js
sveltejs__svelte-13866	NA	cec3540ac 2024-02-15 packages/svelte/src/compiler/css/Selector.js -> packages/svelte/src/compiler/phases/2-analyze/css/css-prune.js
sveltejs__svelte-13824	NA	cec3540ac 2024-02-15 packages/svelte/src/compiler/css/Selector.js -> packages/svelte/src/compiler/phases/2-analyze/css/css-prune.js
sveltejs__svelte-13774	NA	aa29a853d 2024-03-04 packages/svelte/src/internal/client/reactivity/computations.js -> packages/svelte/src/internal/client/reactivity/effects.js
sveltejs__svelte-13750	NA	cec3540ac 2024-02-15 packages/svelte/src/compiler/css/Selector.js -> packages/svelte/src/compiler/phases/2-analyze/css/css-prune.js
sveltejs__svelte-13553	NA	41e7dab75 2024-02-19 packages/svelte/src/internal/client/each.js -> packages/svelte/src/internal/client/dom/blocks/each.js
sveltejs__svelte-13411	NA	71c373d0a 2024-07-30 packages/svelte/src/compiler/phases/2-analyze/a11y.js -> packages/svelte/src/compiler/phases/2-analyze/visitors/shared/a11y.js
sveltejs__svelte-13209	NA	cec3540ac 2024-02-15 packages/svelte/src/compiler/css/Selector.js -> packages/svelte/src/compiler/phases/2-analyze/css/css-prune.js
sveltejs__svelte-13198	NA	fe8a9ce31 2023-11-10 packages/svelte/src/compiler/parse/state/tag.js -> packages/svelte/src/compiler/phases/1-parse/state/element.js
sveltejs__svelte-13175	NA	40c295638 2024-01-23 packages/svelte/src/internal/client/proxy/proxy.js -> packages/svelte/src/internal/client/proxy.js
sveltejs__svelte-13097	NA	fe8a9ce31 2023-11-10 packages/svelte/src/compiler/parse/state/tag.js -> packages/svelte/src/compiler/phases/1-parse/state/element.js
sveltejs__svelte-13026	NA	40c295638 2024-01-23 packages/svelte/src/internal/client/proxy/proxy.js -> packages/svelte/src/internal/client/proxy.js
sveltejs__svelte-13008	NA	40c295638 2024-01-23 packages/svelte/src/internal/client/proxy/proxy.js -> packages/svelte/src/internal/client/proxy.js
sveltejs__svelte-12474	NA	8e1742831 2024-04-25 packages/svelte/messages/compile-errors/css.md -> packages/svelte/messages/compile-errors/style.md
sveltejs__svelte-12469	NA	fe8a9ce31 2023-11-10 packages/svelte/src/compiler/parse/read/expression.js -> packages/svelte/src/compiler/phases/1-parse/read/expression.js
sveltejs__svelte-12460	NA	eb40417c3 2024-03-12 packages/svelte/src/internal/client/transitions.js -> packages/svelte/src/internal/client/dom/elements/transitions.js
sveltejs__svelte-12376	NA	aa29a853d 2024-03-04 packages/svelte/src/internal/client/reactivity/computations.js -> packages/svelte/src/internal/client/reactivity/effects.js
sveltejs__svelte-12365	NA	cec3540ac 2024-02-15 packages/svelte/src/compiler/css/Selector.js -> packages/svelte/src/compiler/phases/2-analyze/css/css-prune.js
sveltejs__svelte-12321	NA	eb40417c3 2024-03-12 packages/svelte/src/internal/client/transitions.js -> packages/svelte/src/internal/client/dom/elements/transitions.js
sveltejs__svelte-12098	NA	41e7dab75 2024-02-19 packages/svelte/src/internal/client/each.js -> packages/svelte/src/internal/client/dom/blocks/each.js
sveltejs__svelte-11669	NA	bd51e6f3e 2023-05-28 src/compiler/utils/extract_svelte_ignore.js -> packages/svelte/src/compiler/utils/extract_svelte_ignore.js
sveltejs__svelte-11254	NA	41e7dab75 2024-02-19 packages/svelte/src/internal/client/each.js -> packages/svelte/src/internal/client/dom/blocks/each.js
sveltejs__svelte-11251	NA	eb40417c3 2024-03-12 packages/svelte/src/internal/client/transitions.js -> packages/svelte/src/internal/client/dom/elements/transitions.js
sveltejs__svelte-11096	NA	cec3540ac 2024-02-15 packages/svelte/src/compiler/css/Selector.js -> packages/svelte/src/compiler/phases/2-analyze/css/css-prune.js
sveltejs__svelte-10721	NA	fe8a9ce31 2023-11-10 packages/svelte/src/compiler/parse/state/tag.js -> packages/svelte/src/compiler/phases/1-parse/state/element.js
sveltejs__svelte-10671	NA	fe8a9ce31 2023-11-10 packages/svelte/src/compiler/parse/read/context.js -> packages/svelte/src/compiler/phases/1-parse/read/context.js
sveltejs__svelte-10297	NA	fe8a9ce31 2023-11-10 packages/svelte/src/runtime/ssr.js -> packages/svelte/src/main/main-server.js
sveltejs__svelte-10287	NA	fe8a9ce31 2023-11-10 packages/svelte/src/compiler/compile/css/Selector.js -> packages/svelte/src/compiler/phases/2-analyze/css/Selector.js
sveltejs__svelte-9328	NA	bd51e6f3e 2023-05-28 src/compiler/compile/render_dom/wrappers/Element/Attribute.js -> packages/svelte/src/compiler/compile/render_dom/wrappers/Element/Attribute.js
sveltejs__svelte-9328	NA	bd51e6f3e 2023-05-28 src/runtime/internal/dom.js -> packages/svelte/src/runtime/internal/dom.js
mui__material-ui-39962	NA	49b3469442 2021-09-06 packages/material-ui-system/src/borders.js -> packages/mui-system/src/borders.js
mui__material-ui-39775	NA	49b3469442 2021-09-06 packages/material-ui/src/Rating/Rating.js -> packages/mui-material/src/Rating/Rating.js
mui__material-ui-39465	NA	49b3469442 2021-09-06 packages/material-ui-system/src/style.js -> packages/mui-system/src/style.js
mui__material-ui-39457	NA	49b3469442 2021-09-06 packages/material-ui-system/src/style.js -> packages/mui-system/src/style.js
mui__material-ui-39196	NA	27f1c282cf 2022-02-04 docs/src/pages/system/spacing/spacing.md -> docs/data/system/spacing/spacing.md
mui__material-ui-39196	NA	49b3469442 2021-09-06 packages/material-ui-system/src/spacing.js -> packages/mui-system/src/spacing.js
mui__material-ui-39071	NA	49b3469442 2021-09-06 packages/material-ui-system/src/style.js -> packages/mui-system/src/style.js
mui__material-ui-38788	NA	cba0019bf8 2023-02-21 packages/mui-base/src/AutocompleteUnstyled/useAutocomplete.js -> packages/mui-base/src/useAutocomplete/useAutocomplete.js
mui__material-ui-38544	NA	49b3469442 2021-09-06 packages/material-ui/src/Tabs/Tabs.js -> packages/mui-material/src/Tabs/Tabs.js
mui__material-ui-38544	NA	49b3469442 2021-09-06 packages/material-ui/src/Tabs/Tabs.js -> packages/mui-material/src/Tabs/Tabs.js
mui__material-ui-38188	NA	cba0019bf8 2023-02-21 packages/mui-base/src/AutocompleteUnstyled/useAutocomplete.js -> packages/mui-base/src/useAutocomplete/useAutocomplete.js
mui__material-ui-37855	NA	cba0019bf8 2023-02-21 packages/mui-base/src/SelectUnstyled/useSelect.ts -> packages/mui-base/src/useSelect/useSelect.ts
mui__material-ui-37855	NA	cba0019bf8 2023-02-21 packages/mui-base/src/SelectUnstyled/useSelect.types.ts -> packages/mui-base/src/useSelect/useSelect.types.ts
mui__material-ui-37141	NA	cba0019bf8 2023-02-21 packages/mui-base/src/SelectUnstyled/useSelect.ts -> packages/mui-base/src/useSelect/useSelect.ts
mui__material-ui-37108	NA	49b3469442 2021-09-06 packages/material-ui-system/src/styleFunctionSx/styleFunctionSx.js -> packages/mui-system/src/styleFunctionSx/styleFunctionSx.js
mui__material-ui-37070	NA	d1d1654deb 2022-07-12 packages/mui-system/src/Grid/createGrid.tsx -> packages/mui-system/src/Unstable_Grid/createGrid.tsx
mui__material-ui-37070	NA	d1d1654deb 2022-07-12 packages/mui-system/src/Grid/gridGenerator.ts -> packages/mui-system/src/Unstable_Grid/gridGenerator.ts
mui__material-ui-36659	NA	cba0019bf8 2023-02-21 packages/mui-base/src/AutocompleteUnstyled/useAutocomplete.js -> packages/mui-base/src/useAutocomplete/useAutocomplete.js
mui__material-ui-36403	NA	49b3469442 2021-09-06 packages/material-ui-styled-engine-sc/src/index.js -> packages/mui-styled-engine-sc/src/index.js
mui__material-ui-36403	NA	49b3469442 2021-09-06 packages/material-ui-styled-engine/src/index.d.ts -> packages/mui-styled-engine/src/index.d.ts
mui__material-ui-36403	NA	49b3469442 2021-09-06 packages/material-ui-styled-engine/src/index.js -> packages/mui-styled-engine/src/index.js
mui__material-ui-36353	NA	49b3469442 2021-09-06 packages/material-ui/src/DialogTitle/DialogTitle.js -> packages/mui-material/src/DialogTitle/DialogTitle.js
mui__material-ui-36116	NA	21dba852b1 2021-11-09 packages/mui-core/src/AutocompleteUnstyled/useAutocomplete.js -> packages/mui-base/src/AutocompleteUnstyled/useAutocomplete.js
mui__material-ui-36088	NA	21dba852b1 2021-11-09 packages/mui-core/src/AutocompleteUnstyled/useAutocomplete.js -> packages/mui-base/src/AutocompleteUnstyled/useAutocomplete.js
mui__material-ui-36056	NA	27f1c282cf 2022-02-04 docs/src/pages/components/use-media-query/use-media-query.md -> docs/data/material/components/use-media-query/use-media-query.md
mui__material-ui-36056	NA	49b3469442 2021-09-06 packages/material-ui/src/styles/props.d.ts -> packages/mui-material/src/styles/props.d.ts
mui__material-ui-36056	NA	38fc55400d 2021-09-27 packages/mui-material/src/useMediaQuery/useMediaQuery.js -> packages/mui-material/src/useMediaQuery/useMediaQuery.ts
mui__material-ui-35410	NA	21dba852b1 2021-11-09 packages/mui-core/src/ButtonUnstyled/useButton.ts -> packages/mui-base/src/ButtonUnstyled/useButton.ts
mui__material-ui-35364	NA	49b3469442 2021-09-06 packages/material-ui-utils/src/deepmerge.ts -> packages/mui-utils/src/deepmerge.ts
mui__material-ui-35360	NA	49b3469442 2021-09-06 packages/material-ui-utils/src/exactProp.ts -> packages/mui-utils/src/exactProp.ts
mui__material-ui-35178	NA	49b3469442 2021-09-06 packages/material-ui-system/src/colorManipulator.d.ts -> packages/mui-system/src/colorManipulator.d.ts
mui__material-ui-35178	NA	49b3469442 2021-09-06 packages/material-ui-system/src/colorManipulator.js -> packages/mui-system/src/colorManipulator.js
mui__material-ui-35086	NA	49b3469442 2021-09-06 packages/material-ui/src/SvgIcon/SvgIcon.js -> packages/mui-material/src/SvgIcon/SvgIcon.js
mui__material-ui-35047	NA	49b3469442 2021-09-06 packages/material-ui/src/Select/SelectInput.js -> packages/mui-material/src/Select/SelectInput.js
mui__material-ui-34610	NA	21dba852b1 2021-11-09 packages/mui-core/src/SliderUnstyled/SliderUnstyled.js -> packages/mui-base/src/SliderUnstyled/SliderUnstyled.js
mui__material-ui-34548	NA	49b3469442 2021-09-06 packages/material-ui-system/src/palette.js -> packages/mui-system/src/palette.js
mui__material-ui-34548	NA	49b3469442 2021-09-06 packages/material-ui-system/src/style.d.ts -> packages/mui-system/src/style.d.ts
mui__material-ui-34548	NA	49b3469442 2021-09-06 packages/material-ui-system/src/style.js -> packages/mui-system/src/style.js
mui__material-ui-34445	NA	49b3469442 2021-09-06 packages/material-ui/src/Popover/Popover.js -> packages/mui-material/src/Popover/Popover.js
mui__material-ui-34437	NA	49b3469442 2021-09-06 packages/material-ui-system/src/colorManipulator.js -> packages/mui-system/src/colorManipulator.js
mui__material-ui-34337	NA	21dba852b1 2021-11-09 packages/mui-core/src/ButtonUnstyled/ButtonUnstyled.tsx -> packages/mui-base/src/ButtonUnstyled/ButtonUnstyled.tsx
mui__material-ui-34247	NA	49b3469442 2021-09-06 packages/material-ui/src/Chip/Chip.js -> packages/mui-material/src/Chip/Chip.js
mui__material-ui-34245	NA	49b3469442 2021-09-06 packages/material-ui/src/Fab/Fab.js -> packages/mui-material/src/Fab/Fab.js
mui__material-ui-34229	NA	49b3469442 2021-09-06 packages/material-ui/src/Select/SelectInput.js -> packages/mui-material/src/Select/SelectInput.js
mui__material-ui-34159	NA	49b3469442 2021-09-06 packages/material-ui/src/ListItemButton/ListItemButton.js -> packages/mui-material/src/ListItemButton/ListItemButton.js
mui__material-ui-33957	NA	49b3469442 2021-09-06 packages/material-ui/src/Autocomplete/Autocomplete.js -> packages/mui-material/src/Autocomplete/Autocomplete.js
mui__material-ui-33934	NA	49b3469442 2021-09-06 packages/material-ui/src/Modal/Modal.js -> packages/mui-material/src/Modal/Modal.js
mui__material-ui-33880	NA	49b3469442 2021-09-06 packages/material-ui/src/ListItemText/ListItemText.js -> packages/mui-material/src/ListItemText/ListItemText.js
mui__material-ui-33873	NA	21dba852b1 2021-11-09 packages/mui-core/src/InputUnstyled/InputUnstyled.tsx -> packages/mui-base/src/InputUnstyled/InputUnstyled.tsx
mui__material-ui-33873	NA	b33d38f58f 2022-05-12 packages/mui-base/src/InputUnstyled/InputUnstyledProps.ts -> packages/mui-base/src/InputUnstyled/InputUnstyled.types.ts
mui__material-ui-33820	NA	a82d7fb048 2022-02-28 docs/pages/material/api/icon-button.json -> docs/pages/material-ui/api/icon-button.json
mui__material-ui-33820	NA	49b3469442 2021-09-06 packages/material-ui/src/IconButton/iconButtonClasses.ts -> packages/mui-material/src/IconButton/iconButtonClasses.ts
mui__material-ui-33801	NA	a82d7fb048 2022-02-28 docs/pages/material/api/chip.json -> docs/pages/material-ui/api/chip.json
mui__material-ui-33801	NA	49b3469442 2021-09-06 packages/material-ui/src/Chip/chipClasses.ts -> packages/mui-material/src/Chip/chipClasses.ts
mui__material-ui-33777	NA	27f1c282cf 2022-02-04 docs/src/pages/customization/density/DensityTool.js -> docs/data/material/customization/density/DensityTool.js
mui__material-ui-33777	NA	49b3469442 2021-09-06 packages/material-ui/src/Grid/Grid.js -> packages/mui-material/src/Grid/Grid.js
mui__material-ui-33692	NA	49b3469442 2021-09-06 packages/material-ui-codemod/src/v5.0.0/variant-prop.js -> packages/mui-codemod/src/v5.0.0/variant-prop.js
mui__material-ui-33691	NA	49b3469442 2021-09-06 packages/material-ui-codemod/src/v5.0.0/theme-spacing.js -> packages/mui-codemod/src/v5.0.0/theme-spacing.js
mui__material-ui-32987	NA	49b3469442 2021-09-06 packages/material-ui/src/Dialog/Dialog.js -> packages/mui-material/src/Dialog/Dialog.js
mui__material-ui-32713	NA	49b3469442 2021-09-06 packages/material-ui/src/styles/createMixins.js -> packages/mui-material/src/styles/createMixins.js
mui__material-ui-32626	NA	21dba852b1 2021-11-09 packages/mui-core/src/AutocompleteUnstyled/useAutocomplete.js -> packages/mui-base/src/AutocompleteUnstyled/useAutocomplete.js
mui__material-ui-32401	NA	21dba852b1 2021-11-09 packages/mui-core/src/InputUnstyled/InputUnstyled.tsx -> packages/mui-base/src/InputUnstyled/InputUnstyled.tsx
mui__material-ui-32182	NA	49b3469442 2021-09-06 packages/material-ui/src/Link/Link.js -> packages/mui-material/src/Link/Link.js
mui__material-ui-31998	NA	49b3469442 2021-09-06 packages/material-ui/src/Grid/Grid.d.ts -> packages/mui-material/src/Grid/Grid.d.ts
mui__material-ui-31998	NA	49b3469442 2021-09-06 packages/material-ui/src/Grid/Grid.js -> packages/mui-material/src/Grid/Grid.js
mui__material-ui-31998	NA	49b3469442 2021-09-06 packages/material-ui-types/index.d.ts -> packages/mui-types/index.d.ts
mui__material-ui-31313	NA	21dba852b1 2021-11-09 packages/mui-core/src/AutocompleteUnstyled/useAutocomplete.js -> packages/mui-base/src/AutocompleteUnstyled/useAutocomplete.js
mui__material-ui-30788	NA	49b3469442 2021-09-06 packages/material-ui/src/Select/Select.js -> packages/mui-material/src/Select/Select.js
mui__material-ui-30561	NA	49b3469442 2021-09-06 packages/material-ui-lab/src/internal/pickers/PureDateInput.tsx -> packages/mui-lab/src/internal/pickers/PureDateInput.tsx
mui__material-ui-30374	NA	21dba852b1 2021-11-09 packages/mui-core/src/AutocompleteUnstyled/useAutocomplete.js -> packages/mui-base/src/AutocompleteUnstyled/useAutocomplete.js
mui__material-ui-30333	NA	49b3469442 2021-09-06 packages/material-ui/src/Grid/Grid.js -> packages/mui-material/src/Grid/Grid.js
mui__material-ui-30126	NA	49b3469442 2021-09-06 packages/material-ui-lab/src/LoadingButton/LoadingButton.js -> packages/mui-lab/src/LoadingButton/LoadingButton.js
mui__material-ui-30118	NA	49b3469442 2021-09-06 packages/material-ui/src/styles/components.d.ts -> packages/mui-material/src/styles/components.d.ts
mui__material-ui-30118	NA	49b3469442 2021-09-06 packages/material-ui/src/styles/props.d.ts -> packages/mui-material/src/styles/props.d.ts
mui__material-ui-29988	NA	49b3469442 2021-09-06 packages/material-ui-system/package.json -> packages/mui-system/package.json
mui__material-ui-29988	NA	49b3469442 2021-09-06 packages/material-ui-system/src/createStyled.js -> packages/mui-system/src/createStyled.js
mui__material-ui-29902	NA	49b3469442 2021-09-06 packages/material-ui-codemod/src/util/propsToObject.js -> packages/mui-codemod/src/util/propsToObject.js
mui__material-ui-29902	NA	49b3469442 2021-09-06 packages/material-ui-codemod/src/v5.0.0/box-sx-prop.js -> packages/mui-codemod/src/v5.0.0/box-sx-prop.js
mui__material-ui-29880	NA	49b3469442 2021-09-06 packages/material-ui/src/Grid/Grid.js -> packages/mui-material/src/Grid/Grid.js
mui__material-ui-29824	NA	49b3469442 2021-09-06 packages/material-ui-codemod/src/v5.0.0/jss-to-styled.js -> packages/mui-codemod/src/v5.0.0/jss-to-styled.js
mui__material-ui-29756	NA	49b3469442 2021-09-06 packages/material-ui-system/src/breakpoints.js -> packages/mui-system/src/breakpoints.js
mui__material-ui-29756	NA	49b3469442 2021-09-06 packages/material-ui-system/src/styleFunctionSx/styleFunctionSx.js -> packages/mui-system/src/styleFunctionSx/styleFunctionSx.js
mui__material-ui-29613	NA	49b3469442 2021-09-06 packages/material-ui/src/Button/Button.js -> packages/mui-material/src/Button/Button.js
mui__material-ui-29317	NA	1555e52367 2019-05-08 docs/src/pages/layout/breakpoints/breakpoints.md -> docs/src/pages/customization/breakpoints/breakpoints.md
mui__material-ui-29317	NA	49b3469442 2021-09-06 packages/material-ui-system/src/createTheme/createBreakpoints.d.ts -> packages/mui-system/src/createTheme/createBreakpoints.d.ts
mui__material-ui-29317	NA	49b3469442 2021-09-06 packages/material-ui-system/src/createTheme/createBreakpoints.js -> packages/mui-system/src/createTheme/createBreakpoints.js
mui__material-ui-26061	NA	3e4854b39b 2018-04-16 src/Tabs/Tabs.js -> packages/material-ui/src/Tabs/Tabs.js
mui__material-ui-25825	NA	3e4854b39b 2018-04-16 src/styles/colorManipulator.js -> packages/material-ui/src/styles/colorManipulator.js
mui__material-ui-25815	NA	3e4854b39b 2018-04-16 src/Select/Select.js -> packages/material-ui/src/Select/Select.js
mui__material-ui-25815	NA	3e4854b39b 2018-04-16 src/Select/Select.js -> packages/material-ui/src/Select/Select.js
mui__material-ui-25637	NA	bdb4baa668 2019-03-13 packages/material-ui-styles/src/getStylesCreator.js -> packages/material-ui-styles/src/getStylesCreator/getStylesCreator.js
mui__material-ui-25259	NA	fca1061644 2018-02-18 packages/lab/src/SpeedDial/SpeedDial.js -> packages/material-ui-lab/src/SpeedDial/SpeedDial.js
mui__material-ui-25259	NA	fca1061644 2018-02-18 packages/lab/src/SpeedDialAction/SpeedDialAction.js -> packages/material-ui-lab/src/SpeedDialAction/SpeedDialAction.js
mui__material-ui-25105	NA	f4be182606 2018-05-12 packages/material-ui/src/Table/TableCell.js -> packages/material-ui/src/TableCell/TableCell.js
mui__material-ui-24290	NA	f4be182606 2018-05-12 packages/material-ui/src/Form/FormLabel.js -> packages/material-ui/src/FormLabel/FormLabel.js
mui__material-ui-24213	NA	4d50a9ed6a 2020-10-01 packages/material-ui-lab/src/useAutocomplete/useAutocomplete.js -> packages/material-ui/src/useAutocomplete/useAutocomplete.js
mui__material-ui-24205	NA	0b069d97fd 2020-08-09 packages/pickers/lib/src/DateRangePicker/DateRangePickerViewMobile.tsx -> packages/material-ui-lab/src/DateRangePicker/DateRangePickerViewMobile.tsx
mui__material-ui-24205	NA	0b069d97fd 2020-08-09 packages/pickers/lib/src/views/Calendar/CalendarHeader.tsx -> packages/material-ui-lab/src/DayPicker/PickersCalendarHeader.tsx
mui__material-ui-23884	NA	4d50a9ed6a 2020-10-01 packages/material-ui-lab/src/useAutocomplete/useAutocomplete.js -> packages/material-ui/src/useAutocomplete/useAutocomplete.js
mui__material-ui-23806	NA	1555e52367 2019-05-08 docs/src/pages/layout/use-media-query/use-media-query.md -> docs/src/pages/components/use-media-query/use-media-query.md
mui__material-ui-23806	NA	4fa33add49 2019-03-08 packages/material-ui/src/useMediaQuery/unstable_useMediaQuery.js -> packages/material-ui/src/useMediaQuery/useMediaQuery.js
mui__material-ui-23786	NA	3e4854b39b 2018-04-16 src/internal/SwitchBase.js -> packages/material-ui/src/internal/SwitchBase.js
mui__material-ui-23778	NA	3e4854b39b 2018-04-16 src/Select/SelectInput.js -> packages/material-ui/src/Select/SelectInput.js
mui__material-ui-23487	NA	1555e52367 2019-05-08 docs/src/pages/demos/autocomplete/autocomplete.md -> docs/src/pages/components/autocomplete/autocomplete.md
mui__material-ui-23487	NA	3e4854b39b 2018-04-16 src/SwipeableDrawer/SwipeableDrawer.js -> packages/material-ui/src/SwipeableDrawer/SwipeableDrawer.js
mui__material-ui-23487	NA	4d50a9ed6a 2020-10-01 packages/material-ui-lab/src/useAutocomplete/useAutocomplete.js -> packages/material-ui/src/useAutocomplete/useAutocomplete.js
mui__material-ui-23073	NA	f4be182606 2018-05-12 packages/material-ui/src/Menu/MenuItem.js -> packages/material-ui/src/MenuItem/MenuItem.js
mui__material-ui-23073	NA	f4be182606 2018-05-12 packages/material-ui/src/Menu/MenuList.js -> packages/material-ui/src/MenuList/MenuList.js
