vuejs__core-11813	easy	2024-09-04	2019-06-11	1912	packages/observer/src/effect.ts -> packages/reactivity/src/effect.ts
vuejs__core-11625	easy	2024-08-15	2019-06-07	1896	packages/runtime-core/src/reactivity.ts -> packages/runtime-core/src/apiWatch.ts
vuejs__core-10289	easy	2024-02-07	2019-08-16	1636	packages/reactivity/src/state.ts -> packages/reactivity/src/reactive.ts
vuejs__core-9492	easy	2023-10-26	2019-09-23	1494	packages/compiler-core/src/transforms/expression.ts -> packages/compiler-core/src/transforms/transformExpression.ts
axios__axios-5919	hard	2023-09-25	2022-03-07	566	lib/defaults.js -> lib/defaults/index.js
anuraghazra__github-readme-stats-1370	hard	2021-10-06	2020-08-02	430	src/renderRepoCard.js -> src/cards/repo-card.js
anuraghazra__github-readme-stats-1370	hard	2021-10-06	2020-08-02	430	src/utils.js -> src/common/utils.js
anuraghazra__github-readme-stats-1314	hard	2021-09-15	2020-08-02	409	src/renderRepoCard.js -> src/cards/repo-card.js
anuraghazra__github-readme-stats-1314	hard	2021-09-15	2020-08-02	409	src/renderTopLanguages.js -> src/cards/top-languages-card.js
anuraghazra__github-readme-stats-1314	hard	2021-09-15	2020-08-02	409	src/utils.js -> src/common/utils.js
sveltejs__svelte-14153	medium	2024-11-05	2024-02-01	278	packages/svelte/src/compiler/phases/3-transform/typescript.js -> packages/svelte/src/compiler/phases/1-parse/remove_typescript_nodes.js
sveltejs__svelte-12460	hard	2024-07-16	2024-03-12	126	packages/svelte/src/internal/client/transitions.js -> packages/svelte/src/internal/client/dom/elements/transitions.js
sveltejs__svelte-11669	medium	2024-05-16	2023-05-28	354	src/compiler/utils/extract_svelte_ignore.js -> packages/svelte/src/compiler/utils/extract_svelte_ignore.js
sveltejs__svelte-10297	medium	2024-02-06	2023-11-10	88	packages/svelte/src/runtime/ssr.js -> packages/svelte/src/main/main-server.js
mui__material-ui-39962	medium	2023-11-27	2021-09-06	812	packages/material-ui-system/src/borders.js -> packages/mui-system/src/borders.js
mui__material-ui-39196	medium	2023-09-27	2022-02-04	599	docs/src/pages/system/spacing/spacing.md -> docs/data/system/spacing/spacing.md
mui__material-ui-39196	medium	2023-09-27	2021-09-06	751	packages/material-ui-system/src/spacing.js -> packages/mui-system/src/spacing.js
mui__material-ui-38788	medium	2023-10-19	2023-02-21	239	packages/mui-base/src/AutocompleteUnstyled/useAutocomplete.js -> packages/mui-base/src/useAutocomplete/useAutocomplete.js
mui__material-ui-36659	medium	2023-03-27	2023-02-21	33	packages/mui-base/src/AutocompleteUnstyled/useAutocomplete.js -> packages/mui-base/src/useAutocomplete/useAutocomplete.js
mui__material-ui-35178	hard	2022-12-01	2021-09-06	451	packages/material-ui-system/src/colorManipulator.d.ts -> packages/mui-system/src/colorManipulator.d.ts
mui__material-ui-35178	hard	2022-12-01	2021-09-06	451	packages/material-ui-system/src/colorManipulator.js -> packages/mui-system/src/colorManipulator.js
mui__material-ui-35047	easy	2022-11-08	2021-09-06	428	packages/material-ui/src/Select/SelectInput.js -> packages/mui-material/src/Select/SelectInput.js
mui__material-ui-34245	medium	2022-09-30	2021-09-06	389	packages/material-ui/src/Fab/Fab.js -> packages/mui-material/src/Fab/Fab.js
mui__material-ui-34229	medium	2022-12-21	2021-09-06	471	packages/material-ui/src/Select/SelectInput.js -> packages/mui-material/src/Select/SelectInput.js
mui__material-ui-34159	easy	2023-03-20	2021-09-06	560	packages/material-ui/src/ListItemButton/ListItemButton.js -> packages/mui-material/src/ListItemButton/ListItemButton.js
mui__material-ui-32987	medium	2022-06-16	2021-09-06	283	packages/material-ui/src/Dialog/Dialog.js -> packages/mui-material/src/Dialog/Dialog.js
mui__material-ui-32182	medium	2022-04-07	2021-09-06	213	packages/material-ui/src/Link/Link.js -> packages/mui-material/src/Link/Link.js
mui__material-ui-30788	medium	2022-02-10	2021-09-06	157	packages/material-ui/src/Select/Select.js -> packages/mui-material/src/Select/Select.js
mui__material-ui-30333	medium	2022-02-10	2021-09-06	157	packages/material-ui/src/Grid/Grid.js -> packages/mui-material/src/Grid/Grid.js
mui__material-ui-29880	medium	2021-11-30	2021-09-06	85	packages/material-ui/src/Grid/Grid.js -> packages/mui-material/src/Grid/Grid.js
mui__material-ui-25825	medium	2021-04-18	2018-04-16	1098	src/styles/colorManipulator.js -> packages/material-ui/src/styles/colorManipulator.js
mui__material-ui-25637	easy	2021-04-05	2019-03-13	754	packages/material-ui-styles/src/getStylesCreator.js -> packages/material-ui-styles/src/getStylesCreator/getStylesCreator.js
mui__material-ui-25259	medium	2021-03-08	2018-02-18	1114	packages/lab/src/SpeedDial/SpeedDial.js -> packages/material-ui-lab/src/SpeedDial/SpeedDial.js
mui__material-ui-25259	medium	2021-03-08	2018-02-18	1114	packages/lab/src/SpeedDialAction/SpeedDialAction.js -> packages/material-ui-lab/src/SpeedDialAction/SpeedDialAction.js
mui__material-ui-23487	medium	2020-11-27	2019-05-08	569	docs/src/pages/demos/autocomplete/autocomplete.md -> docs/src/pages/components/autocomplete/autocomplete.md
mui__material-ui-23487	medium	2020-11-27	2018-04-16	956	src/SwipeableDrawer/SwipeableDrawer.js -> packages/material-ui/src/SwipeableDrawer/SwipeableDrawer.js
mui__material-ui-23487	medium	2020-11-27	2020-10-01	57	packages/material-ui-lab/src/useAutocomplete/useAutocomplete.js -> packages/material-ui/src/useAutocomplete/useAutocomplete.js
mui__material-ui-23073	hard	2020-12-13	2018-05-12	946	packages/material-ui/src/Menu/MenuItem.js -> packages/material-ui/src/MenuItem/MenuItem.js
mui__material-ui-23073	hard	2020-12-13	2018-05-12	946	packages/material-ui/src/Menu/MenuList.js -> packages/material-ui/src/MenuList/MenuList.js
