task	condition	repeat	resolved	turns	cost_usd	seconds	patch_bytes
sveltejs__svelte-15083	stale	1	0	4	0.024259600000000003	9	413
sveltejs__svelte-15083	accurate	1	0	7	0.037613	13	561
sveltejs__svelte-15083	none	1	1	6	0.0352754	13	413
mui__material-ui-36659	stale	1	1	7	0.0560188	15	939
mui__material-ui-36659	none	1	1	5	0.0439306	15	569
mui__material-ui-36659	accurate	1	0	6	0.0457824	20	641
sveltejs__svelte-13175	accurate	1	1	9	0.08750140000000001	25	861
sveltejs__svelte-13175	stale	1	1	11	0.10088600000000002	29	930
sveltejs__svelte-13175	none	1	1	7	0.085656	45	953
sveltejs__svelte-12376	accurate	1	1	10	0.0665516	37	586
sveltejs__svelte-12376	none	1	1	10	0.06804120000000001	22	1404
sveltejs__svelte-12376	stale	1	1	9	0.07813360000000001	27	1351
mui__material-ui-38788	stale	1	0	8	0.064942	56	1038
mui__material-ui-38788	accurate	1	0	4	0.046914800000000006	16	1070
mui__material-ui-38788	none	1	0	7	0.049351400000000004	16	1046
sveltejs__svelte-11251	none	1	1	4	0.0291922	12	605
sveltejs__svelte-11251	stale	1	1	6	0.038972	15	605
sveltejs__svelte-11251	accurate	1	1	4	0.030910800000000002	9	605
sveltejs__svelte-12460	none	1	0	7	0.1027636	35	1020
sveltejs__svelte-12460	accurate	1	0	7	0.1061052	52	656
sveltejs__svelte-12460	stale	1	0	15	0.1860716	82	999
vuejs__core-11854	none	1	0	4	0.0601002	25	2739
vuejs__core-11854	accurate	1	1	4	0.0676668	26	3629
vuejs__core-11854	stale	1	0	5	0.060741	26	2646
mui__material-ui-36116	none	1	1	5	0.0319824	11	959
mui__material-ui-36116	accurate	1	1	3	0.026921600000000004	9	959
mui__material-ui-36116	stale	1	1	4	0.0286258	11	959
sveltejs__svelte-13774	none	1	1	6	0.045281600000000005	14	1242
sveltejs__svelte-13774	stale	1	1	6	0.033582600000000004	24	953
sveltejs__svelte-13774	accurate	1	1	7	0.054216400000000005	16	1777
mui__material-ui-23884	none	1	1	8	0.0540652	17	1210
mui__material-ui-23884	stale	1	1	9	0.055471400000000004	25	845
mui__material-ui-23884	accurate	1	1	7	0.0382354	14	645
sveltejs__svelte-14276	stale	1	0	22	0.22298559999999998	98	1478
sveltejs__svelte-14276	accurate	1	0	16	0.1479602	68	802
sveltejs__svelte-14276	none	1	0	16	0.1322078	58	850
sveltejs__svelte-13097	accurate	1	1	7	0.0506004	16	758
sveltejs__svelte-13097	stale	1	1	4	0.0337184	12	1223
sveltejs__svelte-13097	none	1	1	6	0.0445368	15	1228
vuejs__core-10522	none	1	0	5	0.051763	21	816
vuejs__core-10522	accurate	1	1	3	0.040724399999999994	12	577
vuejs__core-10522	stale	1	0	6	0.056213200000000005	27	577
sveltejs__svelte-13008	accurate	1	1	3	0.0264374	20	771
sveltejs__svelte-13008	stale	1	0	4	0.0367136	11	424
sveltejs__svelte-13008	none	1	1	3	0.0239278	9	802
sveltejs__svelte-13198	accurate	1	1	6	0.041969	15	827
sveltejs__svelte-13198	none	1	1	5	0.033198	13	854
sveltejs__svelte-13198	stale	1	1	8	0.0561832	20	870
mui__material-ui-37141	none	1	0	12	0.10235699999999999	55	1039
mui__material-ui-37141	accurate	1	0	10	0.1251592	54	651
mui__material-ui-37141	stale	1	0	10	0.0938928	28	660
sveltejs__svelte-13750	accurate	1	0	9	0.0931556	31	1480
sveltejs__svelte-13750	none	1	0	8	0.0878092	26	1489
sveltejs__svelte-13750	stale	1	0	8	0.08738040000000001	25	677
sveltejs__svelte-13026	none	1	0	69	1.3559016000000002	369	1525
sveltejs__svelte-13026	stale	1	0	79	1.5176532	513	2194
sveltejs__svelte-13026	accurate	1	0	30	0.32976980000000006	103	0
sveltejs__svelte-14349	accurate	1	0	6	0.0444048	15	1000
sveltejs__svelte-14349	stale	1	0	5	0.04504740000000001	13	714
sveltejs__svelte-14349	none	1	0	5	0.0482096	13	714
sveltejs__svelte-12098	stale	1	1	7	0.06446199999999999	23	997
sveltejs__svelte-12098	none	1	0	5	0.042151400000000006	17	580
sveltejs__svelte-12098	accurate	1	1	5	0.0442566	17	686
sveltejs__svelte-13411	stale	1	1	5	0.036603199999999995	14	870
sveltejs__svelte-13411	none	1	0	7	0.039482199999999995	13	761
sveltejs__svelte-13411	accurate	1	0	4	0.0282378	18	958
sveltejs__svelte-14494	stale	1	0	11	0.0887068	39	675
sveltejs__svelte-14494	none	1	0	6	0.049531	14	586
sveltejs__svelte-14494	accurate	1	0	6	0.0656308	17	642
mui__material-ui-37141	stale	2	0	10	0.09133279999999999	31	659
mui__material-ui-37141	accurate	2	0	9	0.1304876	39	667
mui__material-ui-37141	none	2	0	10	0.07995780000000001	23	1042
sveltejs__svelte-15083	stale	2	1	7	0.0437862	19	413
sveltejs__svelte-15083	accurate	2	0	7	0.037058600000000004	12	561
sveltejs__svelte-15083	none	2	1	8	0.0392748	13	561
sveltejs__svelte-13026	stale	2	0	62	0.9548677999999998	276	1787
sveltejs__svelte-13026	accurate	2	0	110	3.0079819999999997	712	3062
sveltejs__svelte-13026	none	2	0	110	2.5913413999999992	626	3818
mui__material-ui-38788	none	2	0	9	0.058741800000000004	28	1047
mui__material-ui-38788	accurate	2	0	12	0.08065320000000001	29	1161
mui__material-ui-38788	stale	2	0	6	0.0621664	50	1058
mui__material-ui-23884	none	2	1	6	0.03578680000000001	16	1097
mui__material-ui-23884	stale	2	1	8	0.046003800000000004	18	645
mui__material-ui-23884	accurate	2	1	6	0.0376104	13	497
sveltejs__svelte-14276	none	2	0	15	0.1449338	59	1562
sveltejs__svelte-14276	stale	2	0	15	0.11388759999999999	54	805
sveltejs__svelte-14276	accurate	2	0	21	0.20317320000000003	74	1579
sveltejs__svelte-13175	stale	2	0	13	0.10521540000000001	76	674
sveltejs__svelte-13175	none	2	1	9	0.09179239999999998	35	953
sveltejs__svelte-13175	accurate	2	1	14	0.1456516	48	895
sveltejs__svelte-13774	none	2	1	9	0.0593912	25	1781
sveltejs__svelte-13774	accurate	2	0	6	0.046233	21	953
sveltejs__svelte-13774	stale	2	1	7	0.0523078	20	1358
sveltejs__svelte-11251	accurate	2	0	4	0.0349176	11	707
sveltejs__svelte-11251	none	2	1	4	0.0302944	10	605
sveltejs__svelte-11251	stale	2	1	6	0.044558799999999996	14	605
sveltejs__svelte-13198	stale	2	1	9	0.064775	23	853
sveltejs__svelte-13198	accurate	2	1	5	0.034643200000000006	12	828
sveltejs__svelte-13198	none	2	1	7	0.0432408	17	832
sveltejs__svelte-13411	none	2	1	5	0.038674	15	790
sveltejs__svelte-13411	stale	2	1	5	0.041906599999999995	12	727
sveltejs__svelte-13411	accurate	2	1	5	0.030395400000000003	10	711
sveltejs__svelte-13097	none	2	1	6	0.04633519999999999	16	1219
sveltejs__svelte-13097	accurate	2	1	4	0.0339824	12	1270
sveltejs__svelte-13097	stale	2	1	5	0.035525	13	1243
vuejs__core-11854	accurate	2	1	5	0.087657	35	4083
vuejs__core-11854	none	2	1	4	0.0645692	26	2514
vuejs__core-11854	stale	2	0	9	0.10977240000000002	50	1510
sveltejs__svelte-12460	none	2	0	5	0.07482820000000001	23	723
sveltejs__svelte-12460	accurate	2	0	8	0.09397639999999999	56	648
sveltejs__svelte-12460	stale	2	0	13	0.15188859999999998	63	1538
sveltejs__svelte-14494	none	2	0	8	0.05221500000000001	21	642
sveltejs__svelte-14494	accurate	2	0	9	0.07379379999999999	30	644
sveltejs__svelte-14494	stale	2	0	9	0.0621518	21	644
sveltejs__svelte-14349	accurate	2	0	6	0.0424434	15	1001
sveltejs__svelte-14349	stale	2	0	4	0.036002	13	714
sveltejs__svelte-14349	none	2	0	6	0.0476952	16	715
sveltejs__svelte-12098	none	2	1	4	0.04111600000000001	16	1278
sveltejs__svelte-12098	accurate	2	1	6	0.0465494	15	997
sveltejs__svelte-12098	stale	2	1	8	0.0748092	31	999
vuejs__core-10522	accurate	2	1	3	0.0473808	13	577
vuejs__core-10522	stale	2	0	6	0.051316799999999996	21	577
vuejs__core-10522	none	2	1	8	0.06737280000000001	35	1079
sveltejs__svelte-13008	accurate	2	0	3	0.0215622	9	424
sveltejs__svelte-13008	stale	2	1	6	0.0363594	16	874
sveltejs__svelte-13008	none	2	0	3	0.019484	9	424
mui__material-ui-36659	stale	2	1	8	0.08562139999999999	67	2612
mui__material-ui-36659	accurate	2	1	4	0.040481	18	608
mui__material-ui-36659	none	2	0	5	0.048629000000000006	20	1200
sveltejs__svelte-13750	accurate	2	1	15	0.1717712	73	3147
sveltejs__svelte-13750	none	2	1	16	0.1958528	81	3014
sveltejs__svelte-13750	stale	2	1	28	0.31718880000000005	132	3191
mui__material-ui-36116	none	2	1	3	0.023612	8	959
mui__material-ui-36116	stale	2	1	4	0.0282438	13	959
mui__material-ui-36116	accurate	2	1	4	0.027986399999999998	18	959
sveltejs__svelte-12376	none	2	1	10	0.06796340000000001	32	1404
sveltejs__svelte-12376	stale	2	0	7	0.0657098	23	2032
sveltejs__svelte-12376	accurate	2	1	9	0.0662486	23	1404
mui__material-ui-36116	stale	3	1	4	0.0291456	10	959
mui__material-ui-36116	accurate	3	1	4	0.028344	21	959
mui__material-ui-36116	none	3	1	3	0.022673400000000003	9	959
sveltejs__svelte-13198	accurate	3	1	9	0.05769300000000001	55	847
sveltejs__svelte-13198	stale	3	1	4	0.0317048	20	813
sveltejs__svelte-13198	none	3	1	4	0.0316006	14	918
sveltejs__svelte-12460	none	3	0	9	0.1620094	70	732
sveltejs__svelte-12460	accurate	3	0	8	0.10533280000000002	63	988
sveltejs__svelte-12460	stale	3	0	10	0.150343	64	782
mui__material-ui-36659	accurate	3	1	7	0.046327	29	939
mui__material-ui-36659	stale	3	1	4	0.044462600000000005	16	707
mui__material-ui-36659	none	3	1	4	0.04228319999999999	13	1009
sveltejs__svelte-13774	stale	3	1	6	0.0481752	16	953
sveltejs__svelte-13774	none	3	1	5	0.038233800000000005	12	1256
sveltejs__svelte-13774	accurate	3	1	10	0.058067999999999995	23	953
sveltejs__svelte-14494	stale	3	0	6	0.055665799999999994	27	644
sveltejs__svelte-14494	none	3	0	8	0.0598734	19	642
sveltejs__svelte-14494	accurate	3	0	11	0.0764084	26	644
vuejs__core-11854	none	3	1	5	0.07874519999999999	36	3828
vuejs__core-11854	accurate	3	0	3	0.048834	22	2733
vuejs__core-11854	stale	3	0	8	0.08367079999999999	39	3473
mui__material-ui-37141	stale	3	0	9	0.08393799999999998	37	964
mui__material-ui-37141	none	3	0	11	0.0825172	37	650
mui__material-ui-37141	accurate	3	0	14	0.1092278	43	650
vuejs__core-10522	accurate	3	0	3	0.0431696	14	577
vuejs__core-10522	stale	3	0	5	0.0494616	24	577
vuejs__core-10522	none	3	1	5	0.047873	19	559
sveltejs__svelte-13175	stale	3	1	10	0.0867772	47	932
sveltejs__svelte-13175	none	3	1	5	0.0683906	20	1052
sveltejs__svelte-13175	accurate	3	1	7	0.0658974	24	1038
sveltejs__svelte-13008	stale	3	1	4	0.0413078	18	874
sveltejs__svelte-13008	accurate	3	0	3	0.021559000000000002	25	424
sveltejs__svelte-13008	none	3	0	3	0.019759	9	424
mui__material-ui-23884	none	3	1	6	0.041018	19	1216
mui__material-ui-23884	stale	3	1	8	0.05123060000000001	18	645
mui__material-ui-23884	accurate	3	1	6	0.0414472	17	1208
sveltejs__svelte-13750	stale	3	0	13	0.10376260000000001	42	1489
sveltejs__svelte-13750	none	3	0	10	0.09039400000000002	32	1489
sveltejs__svelte-13750	accurate	3	0	7	0.06457	26	669
sveltejs__svelte-12098	stale	3	1	9	0.0886206	31	750
sveltejs__svelte-12098	none	3	1	8	0.06797700000000001	25	997
sveltejs__svelte-12098	accurate	3	1	6	0.04577320000000001	17	997
sveltejs__svelte-15083	accurate	3	1	5	0.0324308	21	413
sveltejs__svelte-15083	none	3	1	7	0.0370706	13	561
sveltejs__svelte-15083	stale	3	1	5	0.029017800000000003	16	413
sveltejs__svelte-13026	accurate	3	0	65	1.2598958000000005	402	0
sveltejs__svelte-13026	none	3	0	22	0.1905956	77	1247
sveltejs__svelte-13026	stale	3	0	61	0.8741530000000002	337	2407
mui__material-ui-38788	none	3	0	9	0.0603314	72	1112
mui__material-ui-38788	accurate	3	0	7	0.0501206	18	1070
mui__material-ui-38788	stale	3	0	7	0.0611176	32	1099
sveltejs__svelte-14349	none	3	0	6	0.054974	16	714
sveltejs__svelte-14349	accurate	3	0	4	0.0387446	22	714
sveltejs__svelte-14349	stale	3	0	4	0.035265000000000005	14	714
sveltejs__svelte-13097	stale	3	1	5	0.034593200000000005	15	1246
sveltejs__svelte-13097	accurate	3	1	9	0.053888200000000004	20	758
sveltejs__svelte-13097	none	3	1	5	0.0352642	13	1273
sveltejs__svelte-12376	stale	3	1	8	0.0656654	29	1404
sveltejs__svelte-12376	accurate	3	1	11	0.07799400000000001	33	1495
sveltejs__svelte-12376	none	3	1	9	0.0657582	30	1486
sveltejs__svelte-11251	stale	3	0	6	0.0448442	14	708
sveltejs__svelte-11251	none	3	1	4	0.0343658	13	605
sveltejs__svelte-11251	accurate	3	1	4	0.0318338	12	605
sveltejs__svelte-13411	accurate	3	1	5	0.029733799999999998	16	672
sveltejs__svelte-13411	stale	3	1	6	0.0384788	13	681
sveltejs__svelte-13411	none	3	1	4	0.0401624	17	731
sveltejs__svelte-14276	none	3	0	20	0.1937646	90	1517
sveltejs__svelte-14276	accurate	3	1	16	0.1724314	77	843
sveltejs__svelte-14276	stale	3	0	23	0.23292500000000005	86	1521
mui__material-ui-38788	none	4	0	8	0.057489	52	991
mui__material-ui-38788	accurate	4	0	6	0.05179220000000001	23	1001
mui__material-ui-38788	stale	4	0	8	0.0735836	54	1882
sveltejs__svelte-14349	stale	4	0	4	0.0367132	16	714
sveltejs__svelte-14349	none	4	0	8	0.0598406	24	1010
sveltejs__svelte-14349	accurate	4	0	5	0.0336622	13	714
sveltejs__svelte-13175	none	4	1	7	0.0877618	25	903
sveltejs__svelte-13175	accurate	4	1	6	0.0778934	21	926
sveltejs__svelte-13175	stale	4	1	7	0.084784	29	948
vuejs__core-10522	none	4	1	5	0.04190719999999999	16	577
vuejs__core-10522	stale	4	1	6	0.0592148	24	577
vuejs__core-10522	accurate	4	1	3	0.0416632	13	577
mui__material-ui-37141	stale	4	0	10	0.08911300000000001	35	653
mui__material-ui-37141	none	4	0	10	0.1004074	64	1360
mui__material-ui-37141	accurate	4	0	14	0.10389300000000001	34	911
sveltejs__svelte-12098	stale	4	1	5	0.04246660000000001	74	788
sveltejs__svelte-12098	none	4	0	11	0.0889444	36	869
sveltejs__svelte-12098	accurate	4	0	5	0.0390836	17	580
sveltejs__svelte-12376	none	4	1	10	0.07291559999999998	32	1404
sveltejs__svelte-12376	stale	4	0	9	0.09135940000000001	41	2199
sveltejs__svelte-12376	accurate	4	0	8	0.052396399999999996	23	907
sveltejs__svelte-13198	none	4	1	6	0.0370452	17	852
sveltejs__svelte-13198	accurate	4	1	8	0.052550599999999996	28	829
sveltejs__svelte-13198	stale	4	1	8	0.049137200000000006	20	831
sveltejs__svelte-13411	stale	4	1	6	0.0462696	15	777
sveltejs__svelte-13411	accurate	4	0	7	0.04589819999999999	16	880
sveltejs__svelte-13411	none	4	1	5	0.0279258	11	1020
sveltejs__svelte-13026	accurate	4	0	49	0.7256620000000001	265	1843
sveltejs__svelte-13026	stale	4	0	52	0.730144	374	1733
sveltejs__svelte-13026	none	4	0	65	1.0865029999999996	398	2476
sveltejs__svelte-14276	none	4	0	16	0.1352468	56	799
sveltejs__svelte-14276	accurate	4	1	17	0.16316460000000002	74	840
sveltejs__svelte-14276	stale	4	1	18	0.149536	98	781
sveltejs__svelte-13097	none	4	1	7	0.0592192	20	1239
sveltejs__svelte-13097	stale	4	1	5	0.04474460000000001	19	1251
sveltejs__svelte-13097	accurate	4	1	5	0.0360176	18	1227
sveltejs__svelte-12460	stale	4	0	5	0.09520340000000001	34	984
sveltejs__svelte-12460	none	4	0	3	0.043018600000000004	17	885
sveltejs__svelte-12460	accurate	4	0	9	0.1560398	61	996
mui__material-ui-23884	stale	4	1	8	0.0548376	19	645
mui__material-ui-23884	accurate	4	1	6	0.0354552	15	645
mui__material-ui-23884	none	4	1	9	0.04844759999999999	33	1113
mui__material-ui-36116	none	4	1	3	0.023489800000000005	9	959
mui__material-ui-36116	stale	4	1	4	0.028548399999999998	15	959
mui__material-ui-36116	accurate	4	1	3	0.023256000000000002	13	959
sveltejs__svelte-15083	stale	4	1	5	0.030029	11	413
sveltejs__svelte-15083	none	4	1	7	0.032978400000000005	13	561
sveltejs__svelte-15083	accurate	4	1	4	0.0240892	16	413
mui__material-ui-36659	none	4	1	5	0.0480966	30	801
mui__material-ui-36659	accurate	4	1	6	0.060031999999999995	55	1164
mui__material-ui-36659	stale	4	1	6	0.058632000000000004	51	560
vuejs__core-11854	stale	4	0	6	0.0771448	32	2662
vuejs__core-11854	none	4	1	5	0.0867488	45	3361
vuejs__core-11854	accurate	4	1	4	0.0763838	31	3898
sveltejs__svelte-14494	none	4	0	9	0.0609936	38	644
sveltejs__svelte-14494	stale	4	0	7	0.05778119999999999	23	586
sveltejs__svelte-14494	accurate	4	0	9	0.06780180000000001	37	642
sveltejs__svelte-13750	accurate	4	1	16	0.19487519999999997	98	4213
sveltejs__svelte-13750	none	4	1	21	0.23316260000000003	260	3622
sveltejs__svelte-13750	stale	4	1	19	0.27187100000000003	163	3257
sveltejs__svelte-13774	stale	4	1	5	0.0430592	16	851
sveltejs__svelte-13774	none	4	1	7	0.057144999999999994	28	953
sveltejs__svelte-13774	accurate	4	1	7	0.04989860000000001	22	953
sveltejs__svelte-11251	none	4	1	4	0.03299440000000001	12	605
sveltejs__svelte-11251	accurate	4	1	6	0.04138520000000001	17	605
sveltejs__svelte-11251	stale	4	1	5	0.03970220000000001	13	605
sveltejs__svelte-13008	none	4	1	3	0.02391	12	874
sveltejs__svelte-13008	stale	4	1	7	0.0412138	16	946
sveltejs__svelte-13008	accurate	4	1	3	0.0256674	10	900
